doc_id,original_path,local_filename,category_id,category_name,sensitivity_level
rvlcdip_00000,imagesh/h/l/a/hla09e00/2029370291.tif,rvlcdip_00000.tif,11,invoice,L3
rvlcdip_00001,imagest/t/s/q/tsq65d00/504490260.tif,rvlcdip_00001.tif,7,specification,L4
rvlcdip_00002,imagesk/k/n/k/knk84c00/95824276.tif,rvlcdip_00002.tif,11,invoice,L3
rvlcdip_00003,imagesw/w/s/e/wse42f00/94008786_94008789.tif,rvlcdip_00003.tif,10,budget,L3
rvlcdip_00004,imagesd/d/y/d/dyd00e00/03686551_03686705.tif,rvlcdip_00004.tif,5,scientific_report,L1
rvlcdip_00005,imagese/e/s/n/esn3aa00/11229452_11229458.tif,rvlcdip_00005.tif,5,scientific_report,L1
rvlcdip_00006,imagesh/h/o/a/hoa90d00/580106232+-6234.tif,rvlcdip_00006.tif,11,invoice,L3
rvlcdip_00007,imagesz/z/u/b/zub44a00/96332029.tif,rvlcdip_00007.tif,10,budget,L3
rvlcdip_00008,imagesl/l/a/v/lav51c00/503162316+-2316.tif,rvlcdip_00008.tif,0,letter,L2
rvlcdip_00009,imagesc/c/b/w/cbw91e00/2029020370.tif,rvlcdip_00009.tif,5,scientific_report,L1
rvlcdip_00010,imagesk/k/h/t/kht83d00/508855436_508855437.tif,rvlcdip_00010.tif,0,letter,L2
rvlcdip_00011,imagest/t/p/l/tpl46d00/50102372-2373.tif,rvlcdip_00011.tif,0,letter,L2
rvlcdip_00012,imagesc/c/b/m/cbm77e00/2030974653.tif,rvlcdip_00012.tif,8,file_folder,L1
rvlcdip_00013,imagesg/g/w/e/gwe53f00/0001485339.tif,rvlcdip_00013.tif,1,form,L4
rvlcdip_00014,imagest/t/v/f/tvf80f00/0011920024.tif,rvlcdip_00014.tif,15,memo,L2
rvlcdip_00015,imagesr/r/k/t/rkt22c00/2069735867.tif,rvlcdip_00015.tif,7,specification,L4
rvlcdip_00016,imagesv/v/r/g/vrg22e00/2501191624.tif,rvlcdip_00016.tif,8,file_folder,L1
rvlcdip_00017,imagesk/k/j/v/kjv32f00/titx1304.44_titx1304.45.tif,rvlcdip_00017.tif,0,letter,L2
rvlcdip_00018,imagesg/g/g/z/ggz15c00/2505340930_0932.tif,rvlcdip_00018.tif,5,scientific_report,L1
rvlcdip_00019,imagesm/m/z/o/mzo33e00/2051162484.tif,rvlcdip_00019.tif,8,file_folder,L1
rvlcdip_00020,imagesl/l/k/d/lkd01d00/517557149+-7149.tif,rvlcdip_00020.tif,0,letter,L2
rvlcdip_00021,imagesi/i/d/d/idd71a00/2057417143_2057417144.tif,rvlcdip_00021.tif,7,specification,L4
rvlcdip_00022,imagesh/h/f/g/hfg14f00/0000184353.tif,rvlcdip_00022.tif,10,budget,L3
rvlcdip_00023,imagesu/u/f/d/ufd09d00/50427995-7995.tif,rvlcdip_00023.tif,6,scientific_publication,L1
rvlcdip_00024,imagesa/a/r/s/ars13f00/0000328762.tif,rvlcdip_00024.tif,11,invoice,L3
rvlcdip_00025,imagesy/y/u/v/yuv10a00/10070954_10070955.tif,rvlcdip_00025.tif,5,scientific_report,L1
rvlcdip_00026,imagesb/b/v/u/bvu19e00/2504004020.tif,rvlcdip_00026.tif,11,invoice,L3
rvlcdip_00027,imagese/e/k/m/ekm56e00/2028450438_2028450447.tif,rvlcdip_00027.tif,6,scientific_publication,L1
rvlcdip_00028,imageso/o/m/r/omr07d00/tnwl0024731.tif,rvlcdip_00028.tif,10,budget,L3
rvlcdip_00029,imagesj/j/k/r/jkr92a00/518765687+-5689.tif,rvlcdip_00029.tif,0,letter,L2
rvlcdip_00030,imagesi/i/g/l/igl40d00/518254873+-4879.tif,rvlcdip_00030.tif,11,invoice,L3
rvlcdip_00031,imagesn/n/u/i/nui04f00/0000309610.tif,rvlcdip_00031.tif,0,letter,L2
rvlcdip_00032,imagesi/i/t/a/ita24c00/2048616431.tif,rvlcdip_00032.tif,11,invoice,L3
rvlcdip_00033,imagesx/x/w/f/xwf52e00/2046158896_2046158899.tif,rvlcdip_00033.tif,15,memo,L2
rvlcdip_00034,imagesg/g/j/e/gje14c00/2069727824.tif,rvlcdip_00034.tif,7,specification,L4
rvlcdip_00035,imagesw/w/h/r/whr24f00/0000014163.tif,rvlcdip_00035.tif,15,memo,L2
rvlcdip_00036,imagesm/m/o/l/mol80a00/0060220695.tif,rvlcdip_00036.tif,8,file_folder,L1
rvlcdip_00037,imagesq/q/d/y/qdy35e00/2040957428_2040957429.tif,rvlcdip_00037.tif,10,budget,L3
rvlcdip_00038,imagesz/z/c/p/zcp05e00/2040798730.tif,rvlcdip_00038.tif,10,budget,L3
rvlcdip_00039,imageso/o/i/y/oiy00f00/0000450197.tif,rvlcdip_00039.tif,10,budget,L3
rvlcdip_00040,imagesi/i/k/k/ikk94f00/0060266646.tif,rvlcdip_00040.tif,11,invoice,L3
rvlcdip_00041,imagesw/w/y/r/wyr21a00/0071020341.tif,rvlcdip_00041.tif,11,invoice,L3
rvlcdip_00042,imagesg/g/e/o/geo57c00/2072984674_4675.tif,rvlcdip_00042.tif,10,budget,L3
rvlcdip_00043,imagesi/i/r/q/irq79e00/2024419051.tif,rvlcdip_00043.tif,10,budget,L3
rvlcdip_00044,imagesh/h/l/o/hlo00e00/91664841.tif,rvlcdip_00044.tif,11,invoice,L3
rvlcdip_00045,imagesc/c/k/n/ckn53c00/95602327.tif,rvlcdip_00045.tif,11,invoice,L3
rvlcdip_00046,imagesr/r/b/x/rbx31c00/2085726771b.tif,rvlcdip_00046.tif,2,email,L2
rvlcdip_00047,imagesk/k/b/j/kbj94d00/505880303.tif,rvlcdip_00047.tif,0,letter,L2
rvlcdip_00048,imagesm/m/a/s/mas3aa00/11242024_11242027.tif,rvlcdip_00048.tif,15,memo,L2
rvlcdip_00049,imagesh/h/n/i/hni84c00/98851081.tif,rvlcdip_00049.tif,10,budget,L3
rvlcdip_00050,imagesz/z/n/i/zni22e00/2501057472.tif,rvlcdip_00050.tif,10,budget,L3
rvlcdip_00051,imagesq/q/n/i/qni60f00/0012183093.tif,rvlcdip_00051.tif,7,specification,L4
rvlcdip_00052,imagesa/a/w/u/awu80e00/88131954.tif,rvlcdip_00052.tif,11,invoice,L3
rvlcdip_00053,imagesm/m/g/x/mgx20f00/0013122102.tif,rvlcdip_00053.tif,11,invoice,L3
rvlcdip_00054,imagesd/d/w/r/dwr78c00/82271268.tif,rvlcdip_00054.tif,1,form,L4
rvlcdip_00055,imagesr/r/e/w/rew95c00/2072597226_7227.tif,rvlcdip_00055.tif,10,budget,L3
rvlcdip_00056,imagesj/j/y/o/jyo85a00/530888454+-8455.tif,rvlcdip_00056.tif,2,email,L2
rvlcdip_00057,imagesu/u/y/h/uyh22f00/18004618.tif,rvlcdip_00057.tif,10,budget,L3
rvlcdip_00058,imagesw/w/c/m/wcm71e00/03638727.tif,rvlcdip_00058.tif,11,invoice,L3
rvlcdip_00059,imagesy/y/b/w/ybw99c00/50295992-5992.tif,rvlcdip_00059.tif,6,scientific_publication,L1
rvlcdip_00060,imagesc/c/i/m/cim65c00/2081499194.tif,rvlcdip_00060.tif,2,email,L2
rvlcdip_00061,imagesd/d/r/n/drn50e00/93499816.tif,rvlcdip_00061.tif,1,form,L4
rvlcdip_00062,imagesi/i/u/u/iuu91a00/2063116826.tif,rvlcdip_00062.tif,11,invoice,L3
rvlcdip_00063,imagesg/g/k/n/gkn20a00/10165421_10165427.tif,rvlcdip_00063.tif,6,scientific_publication,L1
rvlcdip_00064,imagesq/q/q/i/qqi89e00/0000046191.tif,rvlcdip_00064.tif,7,specification,L4
rvlcdip_00065,imagesg/g/o/m/gom18c00/502420759+-0759.tif,rvlcdip_00065.tif,0,letter,L2
rvlcdip_00066,imagesa/a/x/t/axt02d00/71148931.tif,rvlcdip_00066.tif,0,letter,L2
rvlcdip_00067,imagesn/n/w/f/nwf64e00/1001845827.tif,rvlcdip_00067.tif,1,form,L4
rvlcdip_00068,imagesp/p/g/j/pgj57d00/2047575453.tif,rvlcdip_00068.tif,15,memo,L2
rvlcdip_00069,imagesq/q/n/x/qnx36e00/2024671906.tif,rvlcdip_00069.tif,15,memo,L2
rvlcdip_00070,imagesv/v/m/p/vmp82f00/tob07128.83.tif,rvlcdip_00070.tif,10,budget,L3
rvlcdip_00071,imagesz/z/v/c/zvc02f00/okl00204.94_okl00205.01.tif,rvlcdip_00071.tif,10,budget,L3
rvlcdip_00072,imageso/o/u/x/oux82e00/2047933469.tif,rvlcdip_00072.tif,10,budget,L3
rvlcdip_00073,imagesp/p/f/p/pfp42f00/13006852.tif,rvlcdip_00073.tif,10,budget,L3
rvlcdip_00074,imagesv/v/v/y/vvy54d00/506538568.tif,rvlcdip_00074.tif,7,specification,L4
rvlcdip_00075,imagesn/n/x/r/nxr89c00/50282381-2386.tif,rvlcdip_00075.tif,6,scientific_publication,L1
rvlcdip_00076,imagesb/b/h/p/bhp54a00/91876525.tif,rvlcdip_00076.tif,11,invoice,L3
rvlcdip_00077,imagesu/u/w/h/uwh11e00/87097343.tif,rvlcdip_00077.tif,8,file_folder,L1
rvlcdip_00078,imagesw/w/i/y/wiy12f00/24012582.tif,rvlcdip_00078.tif,10,budget,L3
rvlcdip_00079,imageso/o/i/d/oid02f00/okl00201.00.tif,rvlcdip_00079.tif,10,budget,L3
rvlcdip_00080,imagesw/w/i/a/wia74c00/91511221.tif,rvlcdip_00080.tif,11,invoice,L3
rvlcdip_00081,imagesg/g/z/u/gzu60c00/2076508425_8426.tif,rvlcdip_00081.tif,15,memo,L2
rvlcdip_00082,imagesn/n/f/e/nfe64d00/506487562.tif,rvlcdip_00082.tif,1,form,L4
rvlcdip_00083,imagesc/c/a/k/cak40f00/0000731786.tif,rvlcdip_00083.tif,0,letter,L2
rvlcdip_00084,imagesk/k/q/a/kqa32c00/2069741060.tif,rvlcdip_00084.tif,7,specification,L4
rvlcdip_00085,imagesn/n/t/h/nth39e00/2501614512.tif,rvlcdip_00085.tif,1,form,L4
rvlcdip_00086,imagesh/h/f/e/hfe84e00/1000220963_1000220964.tif,rvlcdip_00086.tif,15,memo,L2
rvlcdip_00087,imagese/e/u/y/euy39e00/2501305357_2501305362.tif,rvlcdip_00087.tif,5,scientific_report,L1
rvlcdip_00088,imagesh/h/y/w/hyw22c00/2069738195.tif,rvlcdip_00088.tif,7,specification,L4
rvlcdip_00089,imageso/o/q/s/oqs61a00/2055593549_2055593552.tif,rvlcdip_00089.tif,7,specification,L4
rvlcdip_00090,imagesq/q/r/q/qrq71f00/2022181488_2022181489.tif,rvlcdip_00090.tif,5,scientific_report,L1
rvlcdip_00091,imagesa/a/i/d/aid33e00/2021006751_2021006753.tif,rvlcdip_00091.tif,6,scientific_publication,L1
rvlcdip_00092,imageso/o/d/k/odk11e00/87064573.tif,rvlcdip_00092.tif,11,invoice,L3
rvlcdip_00093,imagesj/j/w/q/jwq8aa00/50058552.tif,rvlcdip_00093.tif,15,memo,L2
rvlcdip_00094,imagesq/q/z/n/qzn22f00/04003052.tif,rvlcdip_00094.tif,10,budget,L3
rvlcdip_00095,imagese/e/k/f/ekf60a00/0060374371.tif,rvlcdip_00095.tif,15,memo,L2
rvlcdip_00096,imagesc/c/t/p/ctp91a00/2024987554_2024987566.tif,rvlcdip_00096.tif,6,scientific_publication,L1
rvlcdip_00097,imagesh/h/j/t/hjt76e00/2041585555.tif,rvlcdip_00097.tif,10,budget,L3
rvlcdip_00098,imagesm/m/z/h/mzh43d00/512001380.tif,rvlcdip_00098.tif,0,letter,L2
rvlcdip_00099,imageso/o/m/a/oma24f00/0000037014.tif,rvlcdip_00099.tif,10,budget,L3
rvlcdip_00100,imageso/o/r/q/orq35e00/2040758427.tif,rvlcdip_00100.tif,1,form,L4
rvlcdip_00101,imagesx/x/c/j/xcj13f00/0000537166.tif,rvlcdip_00101.tif,10,budget,L3
rvlcdip_00102,imagesf/f/s/a/fsa32d00/2502000691.tif,rvlcdip_00102.tif,1,form,L4
rvlcdip_00103,imagesq/q/v/x/qvx02a00/2022151840_2022151842.tif,rvlcdip_00103.tif,5,scientific_report,L1
rvlcdip_00104,imagesb/b/k/u/bku06c00/2048834936_4937.tif,rvlcdip_00104.tif,0,letter,L2
rvlcdip_00105,imagesb/b/r/g/brg25a00/527968265+-8278.tif,rvlcdip_00105.tif,2,email,L2
rvlcdip_00106,imagest/t/a/n/tan12f00/ton03521.42.tif,rvlcdip_00106.tif,0,letter,L2
rvlcdip_00107,imagesa/a/v/i/avi47c00/2084021858.tif,rvlcdip_00107.tif,11,invoice,L3
rvlcdip_00108,imagese/e/h/k/ehk14c00/2069724479.tif,rvlcdip_00108.tif,7,specification,L4
rvlcdip_00109,imagesc/c/d/o/cdo61f00/2051477108.tif,rvlcdip_00109.tif,7,specification,L4
rvlcdip_00110,imageso/o/e/k/oek17e00/2031317816.tif,rvlcdip_00110.tif,7,specification,L4
rvlcdip_00111,imagesj/j/s/f/jsf15c00/2082025808.tif,rvlcdip_00111.tif,8,file_folder,L1
rvlcdip_00112,imagesk/k/y/a/kya67d00/2028351345_1346.tif,rvlcdip_00112.tif,6,scientific_publication,L1
rvlcdip_00113,imagesv/v/n/l/vnl17d00/2071862641a.tif,rvlcdip_00113.tif,2,email,L2
rvlcdip_00114,imagesx/x/i/q/xiq14c00/2069721180.tif,rvlcdip_00114.tif,7,specification,L4
rvlcdip_00115,imagesi/i/w/i/iwi23d00/513168386.tif,rvlcdip_00115.tif,11,invoice,L3
rvlcdip_00116,imagesm/m/q/t/mqt17e00/2031426516.tif,rvlcdip_00116.tif,5,scientific_report,L1
rvlcdip_00117,imagesy/y/f/j/yfj47c00/2084022419.tif,rvlcdip_00117.tif,11,invoice,L3
rvlcdip_00118,imagesp/p/n/v/pnv61e00/00350887_00350891.tif,rvlcdip_00118.tif,6,scientific_publication,L1
rvlcdip_00119,imagesh/h/y/v/hyv55e00/2042758459.tif,rvlcdip_00119.tif,8,file_folder,L1
rvlcdip_00120,imagesk/k/n/m/knm76c00/2077000081.tif,rvlcdip_00120.tif,11,invoice,L3
rvlcdip_00121,imagesx/x/l/y/xly22c00/2069739389.tif,rvlcdip_00121.tif,7,specification,L4
rvlcdip_00122,imagesb/b/f/v/bfv49c00/2505115376.tif,rvlcdip_00122.tif,0,letter,L2
rvlcdip_00123,imageso/o/z/j/ozj48d00/2063315062.tif,rvlcdip_00123.tif,11,invoice,L3
rvlcdip_00124,imagesk/k/w/k/kwk31a00/0071033369.tif,rvlcdip_00124.tif,11,invoice,L3
rvlcdip_00125,imagesr/r/v/u/rvu75c00/2078123075b.tif,rvlcdip_00125.tif,2,email,L2
rvlcdip_00126,imagesr/r/g/q/rgq93c00/2064713663_3668.tif,rvlcdip_00126.tif,6,scientific_publication,L1
rvlcdip_00127,imagesj/j/r/p/jrp63d00/509964001.tif,rvlcdip_00127.tif,1,form,L4
rvlcdip_00128,imagesn/n/v/g/nvg25c00/2505322527.tif,rvlcdip_00128.tif,5,scientific_report,L1
rvlcdip_00129,imagesw/w/s/u/wsu02e00/2028722763.tif,rvlcdip_00129.tif,11,invoice,L3
rvlcdip_00130,imagesz/z/r/x/zrx01a00/0001431690.tif,rvlcdip_00130.tif,7,specification,L4
rvlcdip_00131,imagesq/q/y/b/qyb34c00/96532938_2943.tif,rvlcdip_00131.tif,15,memo,L2
rvlcdip_00132,imagesy/y/p/t/ypt31e00/81072112.tif,rvlcdip_00132.tif,8,file_folder,L1
rvlcdip_00133,imagesn/n/x/g/nxg34c00/96355018.tif,rvlcdip_00133.tif,10,budget,L3
rvlcdip_00134,imagesk/k/v/f/kvf46c00/2070091939b.tif,rvlcdip_00134.tif,2,email,L2
rvlcdip_00135,imagesa/a/k/q/akq05e00/2040801438.tif,rvlcdip_00135.tif,10,budget,L3
rvlcdip_00136,imagesz/z/l/v/zlv92d00/515460326_515460327.tif,rvlcdip_00136.tif,0,letter,L2
rvlcdip_00137,imagese/e/c/w/ecw53e00/2030180035.tif,rvlcdip_00137.tif,15,memo,L2
rvlcdip_00138,imagest/t/t/u/ttu00d00/50350907-0907.tif,rvlcdip_00138.tif,8,file_folder,L1
rvlcdip_00139,imagesq/q/d/e/qde26c00/2083182318c.tif,rvlcdip_00139.tif,2,email,L2
rvlcdip_00140,imagesp/p/h/l/phl72c00/2078319705.tif,rvlcdip_00140.tif,2,email,L2
rvlcdip_00141,imagesr/r/x/y/rxy13f00/0000174769.tif,rvlcdip_00141.tif,10,budget,L3
rvlcdip_00142,imagesu/u/k/g/ukg9aa00/50082555_50082567.tif,rvlcdip_00142.tif,6,scientific_publication,L1
rvlcdip_00143,imagesg/g/n/v/gnv46d00/70006526-6526.tif,rvlcdip_00143.tif,8,file_folder,L1
rvlcdip_00144,imagesu/u/s/h/ush85c00/2076721399.tif,rvlcdip_00144.tif,11,invoice,L3
rvlcdip_00145,imagesl/l/g/m/lgm20a00/10154405.tif,rvlcdip_00145.tif,8,file_folder,L1
rvlcdip_00146,imagesx/x/j/o/xjo19c00/2084343561.tif,rvlcdip_00146.tif,0,letter,L2
rvlcdip_00147,imagesg/g/r/w/grw99e00/0000059714.tif,rvlcdip_00147.tif,7,specification,L4
rvlcdip_00148,imagesg/g/i/h/gih8aa00/11014025.tif,rvlcdip_00148.tif,0,letter,L2
rvlcdip_00149,imagest/t/m/y/tmy13d00/513401633_513401634.tif,rvlcdip_00149.tif,1,form,L4
rvlcdip_00150,imagesu/u/s/j/usj88e00/2020126934_2020126935.tif,rvlcdip_00150.tif,10,budget,L3
rvlcdip_00151,imagesb/b/t/m/btm25d00/505281017_505281018.tif,rvlcdip_00151.tif,7,specification,L4
rvlcdip_00152,imagesk/k/c/q/kcq88e00/2020346693_2020346695.tif,rvlcdip_00152.tif,10,budget,L3
rvlcdip_00153,imagesy/y/l/t/ylt9aa00/10431889.tif,rvlcdip_00153.tif,0,letter,L2
rvlcdip_00154,imagesj/j/g/n/jgn60a00/0060237129.tif,rvlcdip_00154.tif,15,memo,L2
rvlcdip_00155,imagesh/h/g/r/hgr76c00/2075574192a.tif,rvlcdip_00155.tif,2,email,L2
rvlcdip_00156,imagesy/y/b/w/ybw96e00/2058066683.tif,rvlcdip_00156.tif,8,file_folder,L1
rvlcdip_00157,imagesw/w/g/u/wgu34f00/0060361307.tif,rvlcdip_00157.tif,15,memo,L2
rvlcdip_00158,imagesr/r/m/y/rmy12d00/71184532.tif,rvlcdip_00158.tif,8,file_folder,L1
rvlcdip_00159,imagesn/n/q/e/nqe98c00/87248572.tif,rvlcdip_00159.tif,5,scientific_report,L1
rvlcdip_00160,imagesj/j/l/a/jla74c00/91542732.tif,rvlcdip_00160.tif,11,invoice,L3
rvlcdip_00161,imagesc/c/g/e/cge52c00/2074163302.tif,rvlcdip_00161.tif,1,form,L4
rvlcdip_00162,imagesl/l/o/x/lox84d00/505960728.tif,rvlcdip_00162.tif,0,letter,L2
rvlcdip_00163,imagesh/h/m/s/hms02c00/2085103824b.tif,rvlcdip_00163.tif,2,email,L2
rvlcdip_00164,imagesn/n/i/g/nig48c00/2083310066.tif,rvlcdip_00164.tif,10,budget,L3
rvlcdip_00165,imagesd/d/s/h/dsh00d00/50323855-3866.tif,rvlcdip_00165.tif,6,scientific_publication,L1
rvlcdip_00166,imagesy/y/c/t/yct05c00/2082064371.tif,rvlcdip_00166.tif,8,file_folder,L1
rvlcdip_00167,imagesx/x/b/h/xbh62f00/tob14912.74_tob14912.75.tif,rvlcdip_00167.tif,0,letter,L2
rvlcdip_00168,imagesf/f/b/a/fba78e00/2023682011.tif,rvlcdip_00168.tif,8,file_folder,L1
rvlcdip_00169,imagesl/l/l/v/llv15d00/505443877.tif,rvlcdip_00169.tif,0,letter,L2
rvlcdip_00170,imagesz/z/k/i/zki62d00/83644925.tif,rvlcdip_00170.tif,11,invoice,L3
rvlcdip_00171,imagesz/z/v/o/zvo27d00/2072389637e_9638.tif,rvlcdip_00171.tif,2,email,L2
rvlcdip_00172,imagesx/x/i/m/xim23f00/0000075038.tif,rvlcdip_00172.tif,15,memo,L2
rvlcdip_00173,imagesr/r/i/i/rii56c00/2075573339.tif,rvlcdip_00173.tif,11,invoice,L3
rvlcdip_00174,imagesq/q/q/a/qqa09d00/50423476-3476.tif,rvlcdip_00174.tif,0,letter,L2
rvlcdip_00175,imagesb/b/q/f/bqf96c00/2070709359_9360.tif,rvlcdip_00175.tif,1,form,L4
rvlcdip_00176,imagese/e/w/w/eww45c00/2051827224.tif,rvlcdip_00176.tif,8,file_folder,L1
rvlcdip_00177,imagesi/i/l/p/ilp08d00/2070864328a.tif,rvlcdip_00177.tif,2,email,L2
rvlcdip_00178,imagesq/q/b/t/qbt43e00/2020158127.tif,rvlcdip_00178.tif,8,file_folder,L1
rvlcdip_00179,imagesk/k/x/l/kxl02f00/ton01929.99_ton01930.19.tif,rvlcdip_00179.tif,10,budget,L3
rvlcdip_00180,imagesc/c/x/n/cxn41e00/80053153.tif,rvlcdip_00180.tif,8,file_folder,L1
rvlcdip_00181,imagesp/p/n/t/pnt02e00/2028724694.tif,rvlcdip_00181.tif,11,invoice,L3
rvlcdip_00182,imagese/e/g/i/egi63f00/0001209012.tif,rvlcdip_00182.tif,11,invoice,L3
rvlcdip_00183,imagesn/n/g/k/ngk25e00/2028608711_2028608713.tif,rvlcdip_00183.tif,5,scientific_report,L1
rvlcdip_00184,imagesb/b/f/a/bfa31c00/2085589483a.tif,rvlcdip_00184.tif,2,email,L2
rvlcdip_00185,imagesa/a/y/i/ayi47c00/2084022304.tif,rvlcdip_00185.tif,11,invoice,L3
rvlcdip_00186,imagesz/z/v/j/zvj66e00/2054505288.tif,rvlcdip_00186.tif,1,form,L4
rvlcdip_00187,imagesj/j/l/f/jlf46c00/2070213228b.tif,rvlcdip_00187.tif,2,email,L2
rvlcdip_00188,imagesb/b/g/u/bgu81c00/2081459753.tif,rvlcdip_00188.tif,2,email,L2
rvlcdip_00189,imagesz/z/i/i/zii99e00/0000399606.tif,rvlcdip_00189.tif,0,letter,L2
rvlcdip_00190,imagesl/l/e/j/lej19e00/2500063420.tif,rvlcdip_00190.tif,8,file_folder,L1
rvlcdip_00191,imagesy/y/u/x/yux20e00/93216708.tif,rvlcdip_00191.tif,10,budget,L3
rvlcdip_00192,imagesu/u/d/g/udg80e00/89680171.tif,rvlcdip_00192.tif,8,file_folder,L1
rvlcdip_00193,imagesl/l/f/h/lfh85f00/0060124745.tif,rvlcdip_00193.tif,8,file_folder,L1
rvlcdip_00194,imagest/t/i/g/tig14d00/507915853.tif,rvlcdip_00194.tif,0,letter,L2
rvlcdip_00195,imagesd/d/d/t/ddt26d00/50667676-7676.tif,rvlcdip_00195.tif,8,file_folder,L1
rvlcdip_00196,imagesm/m/o/p/mop35a00/97005629.tif,rvlcdip_00196.tif,10,budget,L3
rvlcdip_00197,imagesa/a/s/b/asb38e00/1001877643.tif,rvlcdip_00197.tif,15,memo,L2
rvlcdip_00198,imagesy/y/u/b/yub44a00/96332030.tif,rvlcdip_00198.tif,10,budget,L3
rvlcdip_00199,imagesn/n/p/i/npi63d00/86219672_9673.tif,rvlcdip_00199.tif,15,memo,L2
rvlcdip_00200,imagesr/r/k/e/rke41e00/81440868.tif,rvlcdip_00200.tif,11,invoice,L3
rvlcdip_00201,imagesc/c/s/b/csb86c00/2084108086.tif,rvlcdip_00201.tif,1,form,L4
rvlcdip_00202,imagesn/n/r/y/nry33e00/2043746769.tif,rvlcdip_00202.tif,8,file_folder,L1
rvlcdip_00203,imagesk/k/y/q/kyq25a00/92871010.tif,rvlcdip_00203.tif,1,form,L4
rvlcdip_00204,imagesr/r/o/v/rov36d00/50635645-5646.tif,rvlcdip_00204.tif,0,letter,L2
rvlcdip_00205,imagesx/x/i/r/xir02e00/2028729322.tif,rvlcdip_00205.tif,11,invoice,L3
rvlcdip_00206,imagesb/b/a/c/bac43e00/2042017055.tif,rvlcdip_00206.tif,8,file_folder,L1
rvlcdip_00207,imagesi/i/e/j/iej85c00/2074378104a.tif,rvlcdip_00207.tif,2,email,L2
rvlcdip_00208,imagesn/n/m/i/nmi20c00/2085787955a.tif,rvlcdip_00208.tif,2,email,L2
rvlcdip_00209,imagest/t/y/c/tyc76c00/2074222857_2860.tif,rvlcdip_00209.tif,6,scientific_publication,L1
rvlcdip_00210,imagesb/b/o/w/bow16e00/2041378670.tif,rvlcdip_00210.tif,10,budget,L3
rvlcdip_00211,imagesv/v/w/l/vwl44f00/0060342568.tif,rvlcdip_00211.tif,11,invoice,L3
rvlcdip_00212,imagesu/u/a/q/uaq17e00/2031295797.tif,rvlcdip_00212.tif,8,file_folder,L1
rvlcdip_00213,imagesu/u/v/a/uva01e00/91284293.tif,rvlcdip_00213.tif,15,memo,L2
rvlcdip_00214,imagest/t/d/c/tdc07d00/tnwl0052330.tif,rvlcdip_00214.tif,15,memo,L2
rvlcdip_00215,imagest/t/r/s/trs37e00/2029112127.tif,rvlcdip_00215.tif,5,scientific_report,L1
rvlcdip_00216,imagesc/c/d/k/cdk96e00/2057314142.tif,rvlcdip_00216.tif,5,scientific_report,L1
rvlcdip_00217,imagesl/l/n/r/lnr33a00/504568452+-8452.tif,rvlcdip_00217.tif,7,specification,L4
rvlcdip_00218,imagese/e/w/t/ewt08c00/60232264.tif,rvlcdip_00218.tif,8,file_folder,L1
rvlcdip_00219,imagesr/r/h/w/rhw11e00/87148875_87148877.tif,rvlcdip_00219.tif,11,invoice,L3
rvlcdip_00220,imagesv/v/v/k/vvk77d00/2076269903.tif,rvlcdip_00220.tif,1,form,L4
rvlcdip_00221,imagesg/g/l/b/glb55f00/0060075934.tif,rvlcdip_00221.tif,11,invoice,L3
rvlcdip_00222,imagesp/p/f/m/pfm60c00/2074809166_9171.tif,rvlcdip_00222.tif,6,scientific_publication,L1
rvlcdip_00223,imagesp/p/q/l/pql49c00/2082340944_0948.tif,rvlcdip_00223.tif,6,scientific_publication,L1
rvlcdip_00224,imagesq/q/r/p/qrp62c00/2077591831_1844.tif,rvlcdip_00224.tif,10,budget,L3
rvlcdip_00225,imagesd/d/g/s/dgs49d00/501267533.tif,rvlcdip_00225.tif,0,letter,L2
rvlcdip_00226,imagesm/m/z/h/mzh29c00/2084029933.tif,rvlcdip_00226.tif,2,email,L2
rvlcdip_00227,imagesd/d/s/d/dsd92a00/521094043+-4043.tif,rvlcdip_00227.tif,0,letter,L2
rvlcdip_00228,imagesz/z/s/y/zsy54a00/89978279_8298.tif,rvlcdip_00228.tif,5,scientific_report,L1
rvlcdip_00229,imagesp/p/i/j/pij05e00/2040788564_2040788576.tif,rvlcdip_00229.tif,10,budget,L3
rvlcdip_00230,imagesg/g/e/t/get23d00/512981618_512981670.tif,rvlcdip_00230.tif,11,invoice,L3
rvlcdip_00231,imagesh/h/i/y/hiy04c00/2063130934_0935.tif,rvlcdip_00231.tif,1,form,L4
rvlcdip_00232,imagese/e/u/v/euv02e00/2028720064_2028720065.tif,rvlcdip_00232.tif,11,invoice,L3
rvlcdip_00233,imagesk/k/v/u/kvu33a00/502527050+-7050.tif,rvlcdip_00233.tif,0,letter,L2
rvlcdip_00234,imagesi/i/m/r/imr98c00/82913574.tif,rvlcdip_00234.tif,15,memo,L2
rvlcdip_00235,imagesl/l/t/o/lto55c00/2082743489_3497.tif,rvlcdip_00235.tif,5,scientific_report,L1
rvlcdip_00236,imagesf/f/m/w/fmw16e00/2041379010.tif,rvlcdip_00236.tif,10,budget,L3
rvlcdip_00237,imagesz/z/i/q/ziq47d00/2065184180.tif,rvlcdip_00237.tif,8,file_folder,L1
rvlcdip_00238,imagesa/a/m/x/amx11e00/87147709.tif,rvlcdip_00238.tif,11,invoice,L3
rvlcdip_00239,imagesw/w/y/x/wyx35e00/2040957097.tif,rvlcdip_00239.tif,10,budget,L3
rvlcdip_00240,imagesq/q/i/v/qiv62d00/98504929.tif,rvlcdip_00240.tif,1,form,L4
rvlcdip_00241,imagesj/j/j/s/jjs87d00/2078566028.tif,rvlcdip_00241.tif,5,scientific_report,L1
rvlcdip_00242,imagese/e/x/p/exp55a00/531612262+-2344.tif,rvlcdip_00242.tif,2,email,L2
rvlcdip_00243,imagesn/n/d/k/ndk26d00/50604642-4675.tif,rvlcdip_00243.tif,6,scientific_publication,L1
rvlcdip_00244,imagesz/z/k/s/zks34f00/0060284383.tif,rvlcdip_00244.tif,15,memo,L2
rvlcdip_00245,imagesj/j/a/n/jan03d00/514827530.tif,rvlcdip_00245.tif,1,form,L4
rvlcdip_00246,imagesx/x/s/m/xsm80c00/2055724940_4955.tif,rvlcdip_00246.tif,5,scientific_report,L1
rvlcdip_00247,imagesc/c/x/w/cxw85c00/2073737480d_7481.tif,rvlcdip_00247.tif,2,email,L2
rvlcdip_00248,imagesj/j/b/z/jbz08c00/2074655588a.tif,rvlcdip_00248.tif,2,email,L2
rvlcdip_00249,imagesq/q/v/m/qvm40e00/81023143.tif,rvlcdip_00249.tif,8,file_folder,L1
rvlcdip_00250,imagesg/g/r/u/gru37d00/2070690767.tif,rvlcdip_00250.tif,1,form,L4
rvlcdip_00251,imagesy/y/z/s/yzs00a00/60024486.tif,rvlcdip_00251.tif,0,letter,L2
rvlcdip_00252,imagesr/r/y/b/ryb44e00/2015012125_2015012291.tif,rvlcdip_00252.tif,5,scientific_report,L1
rvlcdip_00253,imagesc/c/s/g/csg31f00/0001448904.tif,rvlcdip_00253.tif,15,memo,L2
rvlcdip_00254,imagesv/v/k/p/vkp70e00/89464380.tif,rvlcdip_00254.tif,5,scientific_report,L1
rvlcdip_00255,imagesl/l/v/k/lvk69d00/500750920.tif,rvlcdip_00255.tif,0,letter,L2
rvlcdip_00256,imagesv/v/s/k/vsk20e00/94414892.tif,rvlcdip_00256.tif,1,form,L4
rvlcdip_00257,imagesg/g/g/o/ggo91c00/2078798878a.tif,rvlcdip_00257.tif,2,email,L2
rvlcdip_00258,imagesn/n/w/h/nwh70a00/0060153142.tif,rvlcdip_00258.tif,15,memo,L2
rvlcdip_00259,imagesg/g/u/q/guq70a00/0060160785.tif,rvlcdip_00259.tif,15,memo,L2
rvlcdip_00260,imagesj/j/h/b/jhb43e00/2042468456.tif,rvlcdip_00260.tif,8,file_folder,L1
rvlcdip_00261,imagesm/m/p/s/mps98c00/88499749.tif,rvlcdip_00261.tif,15,memo,L2
rvlcdip_00262,imagesx/x/j/x/xjx89e00/0000430724.tif,rvlcdip_00262.tif,10,budget,L3
rvlcdip_00263,imagesk/k/c/n/kcn03c00/525300369+-0369.tif,rvlcdip_00263.tif,1,form,L4
rvlcdip_00264,imagesh/h/y/y/hyy35e00/2040765847.tif,rvlcdip_00264.tif,10,budget,L3
rvlcdip_00265,imagesa/a/q/i/aqi70e00/92753585.tif,rvlcdip_00265.tif,8,file_folder,L1
rvlcdip_00266,imagest/t/z/c/tzc01c00/12075863.tif,rvlcdip_00266.tif,15,memo,L2
rvlcdip_00267,imagesm/m/h/r/mhr20c00/2080834161.tif,rvlcdip_00267.tif,2,email,L2
rvlcdip_00268,imagesh/h/t/f/htf18d00/2050795884.tif,rvlcdip_00268.tif,1,form,L4
rvlcdip_00269,imagesi/i/s/e/ise08e00/1000136066.tif,rvlcdip_00269.tif,1,form,L4
rvlcdip_00270,imagesk/k/o/t/kot86e00/2055678814.tif,rvlcdip_00270.tif,15,memo,L2
rvlcdip_00271,imagesc/c/m/b/cmb35e00/2025019971.tif,rvlcdip_00271.tif,0,letter,L2
rvlcdip_00272,imagest/t/f/p/tfp10c00/2085313387.tif,rvlcdip_00272.tif,2,email,L2
rvlcdip_00273,imagesb/b/r/n/brn62e00/2062491220_2062491221.tif,rvlcdip_00273.tif,1,form,L4
rvlcdip_00274,imagesw/w/g/j/wgj25d00/505330467.tif,rvlcdip_00274.tif,0,letter,L2
rvlcdip_00275,imagese/e/h/p/ehp00f00/0000020330.tif,rvlcdip_00275.tif,7,specification,L4
rvlcdip_00276,imagesu/u/c/l/ucl78e00/2010022363.tif,rvlcdip_00276.tif,15,memo,L2
rvlcdip_00277,imagesa/a/r/o/aro85c00/2073883241.tif,rvlcdip_00277.tif,11,invoice,L3
rvlcdip_00278,imagesj/j/p/p/jpp94d00/505857596.tif,rvlcdip_00278.tif,0,letter,L2
rvlcdip_00279,imagesv/v/w/t/vwt98e00/2061647428.tif,rvlcdip_00279.tif,1,form,L4
rvlcdip_00280,imageso/o/s/s/oss25a00/92854960.tif,rvlcdip_00280.tif,1,form,L4
rvlcdip_00281,imagesa/a/h/a/aha76e00/2051146139.tif,rvlcdip_00281.tif,1,form,L4
rvlcdip_00282,imagesb/b/m/t/bmt4aa00/10419537_10419539.tif,rvlcdip_00282.tif,6,scientific_publication,L1
rvlcdip_00283,imagesm/m/b/y/mby82e00/2047932954.tif,rvlcdip_00283.tif,10,budget,L3
rvlcdip_00284,imagesg/g/c/r/gcr25c00/2069714186.tif,rvlcdip_00284.tif,7,specification,L4
rvlcdip_00285,imagesw/w/c/p/wcp82f00/tob07129.52.tif,rvlcdip_00285.tif,10,budget,L3
rvlcdip_00286,imageso/o/r/y/ory54a00/89981759_1807.tif,rvlcdip_00286.tif,5,scientific_report,L1
rvlcdip_00287,imagesf/f/h/y/fhy95c00/2072569124.tif,rvlcdip_00287.tif,2,email,L2
rvlcdip_00288,imagesu/u/q/q/uqq82f00/tob07118.04.tif,rvlcdip_00288.tif,10,budget,L3
rvlcdip_00289,imagesu/u/n/b/unb16d00/50541003-1003.tif,rvlcdip_00289.tif,6,scientific_publication,L1
rvlcdip_00290,imagesn/n/q/o/nqo33e00/2053419630.tif,rvlcdip_00290.tif,8,file_folder,L1
rvlcdip_00291,imagesh/h/n/s/hns25e00/2026134442_2026134446.tif,rvlcdip_00291.tif,6,scientific_publication,L1
rvlcdip_00292,imagesm/m/h/s/mhs46d00/70012608-2608.tif,rvlcdip_00292.tif,0,letter,L2
rvlcdip_00293,imagesg/g/f/l/gfl32d00/2058109202_9203.tif,rvlcdip_00293.tif,1,form,L4
rvlcdip_00294,imagesa/a/y/t/ayt73e00/2026032317.tif,rvlcdip_00294.tif,5,scientific_report,L1
rvlcdip_00295,imagesa/a/y/e/aye59e00/2023188236.tif,rvlcdip_00295.tif,1,form,L4
rvlcdip_00296,imagesh/h/i/a/hia50c00/ti17120103.tif,rvlcdip_00296.tif,11,invoice,L3
rvlcdip_00297,imageso/o/w/f/owf45c00/2064987697.tif,rvlcdip_00297.tif,8,file_folder,L1
rvlcdip_00298,imagesh/h/f/r/hfr57c00/2073004579.tif,rvlcdip_00298.tif,10,budget,L3
rvlcdip_00299,imagesf/f/a/d/fad32e00/2501582035.tif,rvlcdip_00299.tif,1,form,L4
rvlcdip_00300,imagesh/h/c/m/hcm59c00/PUBLICATIONS043516-3.tif,rvlcdip_00300.tif,6,scientific_publication,L1
rvlcdip_00301,imagesc/c/c/z/ccz59e00/2029200415.tif,rvlcdip_00301.tif,6,scientific_publication,L1
rvlcdip_00302,imagesz/z/a/n/zan15e00/2026368944.tif,rvlcdip_00302.tif,11,invoice,L3
rvlcdip_00303,imagesi/i/m/t/imt95c00/2072792259.tif,rvlcdip_00303.tif,5,scientific_report,L1
rvlcdip_00304,imagesk/k/x/a/kxa54c00/80701578.tif,rvlcdip_00304.tif,11,invoice,L3
rvlcdip_00305,imagesd/d/f/w/dfw65c00/2081384484.tif,rvlcdip_00305.tif,1,form,L4
rvlcdip_00306,imagesl/l/d/o/ldo84e00/1000279092_1000279100.tif,rvlcdip_00306.tif,6,scientific_publication,L1
rvlcdip_00307,imagesc/c/l/e/cle42f00/94009315_94009316.tif,rvlcdip_00307.tif,10,budget,L3
rvlcdip_00308,imagesn/n/b/o/nbo93e00/2041719559_2041719569.tif,rvlcdip_00308.tif,10,budget,L3
rvlcdip_00309,imagesy/y/d/t/ydt65c00/2069717270.tif,rvlcdip_00309.tif,7,specification,L4
rvlcdip_00310,imageso/o/j/j/ojj60c00/2074040919_0935.tif,rvlcdip_00310.tif,5,scientific_report,L1
rvlcdip_00311,imagesy/y/h/l/yhl35f00/0060054107.tif,rvlcdip_00311.tif,15,memo,L2
rvlcdip_00312,imagest/t/i/r/tir40c00/ti14929387.tif,rvlcdip_00312.tif,10,budget,L3
rvlcdip_00313,imagesg/g/y/r/gyr02e00/2028728902.tif,rvlcdip_00313.tif,15,memo,L2
rvlcdip_00314,imagesg/g/z/a/gza53f00/0001489367.tif,rvlcdip_00314.tif,15,memo,L2
rvlcdip_00315,imagesz/z/o/v/zov66d00/520061962+-1970.tif,rvlcdip_00315.tif,11,invoice,L3
rvlcdip_00316,imagesl/l/q/l/lql6aa00/11320293.tif,rvlcdip_00316.tif,8,file_folder,L1
rvlcdip_00317,imagesv/v/r/o/vro64e00/1003106717.tif,rvlcdip_00317.tif,6,scientific_publication,L1
rvlcdip_00318,imagesa/a/l/w/alw53c00/98776486.tif,rvlcdip_00318.tif,11,invoice,L3
rvlcdip_00319,imagesn/n/i/i/nii67e00/2063637680.tif,rvlcdip_00319.tif,6,scientific_publication,L1
rvlcdip_00320,imageso/o/e/o/oeo89c00/50275320-5320.tif,rvlcdip_00320.tif,15,memo,L2
rvlcdip_00321,imageso/o/a/y/oay86e00/2057673521.tif,rvlcdip_00321.tif,7,specification,L4
rvlcdip_00322,imagesn/n/m/n/nmn47d00/2070001432_1433.tif,rvlcdip_00322.tif,1,form,L4
rvlcdip_00323,imagesc/c/f/h/cfh95e00/2022900427.tif,rvlcdip_00323.tif,0,letter,L2
rvlcdip_00324,imagesv/v/l/b/vlb27e00/2028702228.tif,rvlcdip_00324.tif,11,invoice,L3
rvlcdip_00325,imagesd/d/g/q/dgq51f00/0000943130.tif,rvlcdip_00325.tif,5,scientific_report,L1
rvlcdip_00326,imagesc/c/n/u/cnu12c00/2085213840c.tif,rvlcdip_00326.tif,2,email,L2
rvlcdip_00327,imageso/o/m/x/omx71d00/891978.tif,rvlcdip_00327.tif,0,letter,L2
rvlcdip_00328,imagesj/j/r/j/jrj11e00/87064961.tif,rvlcdip_00328.tif,11,invoice,L3
rvlcdip_00329,imagesq/q/u/x/qux27d00/2073237325_7329.tif,rvlcdip_00329.tif,10,budget,L3
rvlcdip_00330,imagesi/i/r/m/irm07c00/CTRSP-FILES014003-40.tif,rvlcdip_00330.tif,0,letter,L2
rvlcdip_00331,imagesj/j/e/d/jed17e00/2031312127.tif,rvlcdip_00331.tif,7,specification,L4
rvlcdip_00332,imagesr/r/t/j/rtj65d00/504570415.tif,rvlcdip_00332.tif,7,specification,L4
rvlcdip_00333,imagesb/b/c/n/bcn75a00/512902913+-2913.tif,rvlcdip_00333.tif,0,letter,L2
rvlcdip_00334,imagesl/l/u/v/luv55d00/504731301.tif,rvlcdip_00334.tif,0,letter,L2
rvlcdip_00335,imagesb/b/o/t/bot35a00/89337346.tif,rvlcdip_00335.tif,7,specification,L4
rvlcdip_00336,imagesq/q/q/b/qqb04e00/2040920342_2040920378.tif,rvlcdip_00336.tif,10,budget,L3
rvlcdip_00337,imagesj/j/q/r/jqr23d00/512984610.tif,rvlcdip_00337.tif,1,form,L4
rvlcdip_00338,imagesj/j/t/x/jtx15d00/505426203_505426206.tif,rvlcdip_00338.tif,0,letter,L2
rvlcdip_00339,imagesg/g/a/k/gak71a00/2057437156_2057437157.tif,rvlcdip_00339.tif,7,specification,L4
rvlcdip_00340,imagesm/m/o/p/mop73d00/509344059.tif,rvlcdip_00340.tif,7,specification,L4
rvlcdip_00341,imagesq/q/t/q/qtq55d00/504785500.tif,rvlcdip_00341.tif,7,specification,L4
rvlcdip_00342,imagesk/k/q/w/kqw67d00/2076127776.tif,rvlcdip_00342.tif,7,specification,L4
rvlcdip_00343,imagesu/u/p/y/upy25d00/505155383.tif,rvlcdip_00343.tif,0,letter,L2
rvlcdip_00344,imagese/e/b/y/eby32c00/2072228870.tif,rvlcdip_00344.tif,5,scientific_report,L1
rvlcdip_00345,imagesi/i/k/i/iki93a00/528385318+-5319.tif,rvlcdip_00345.tif,2,email,L2
rvlcdip_00346,imagesc/c/e/u/ceu2aa00/10204103_10204118.tif,rvlcdip_00346.tif,6,scientific_publication,L1
rvlcdip_00347,imagesh/h/m/j/hmj17e00/2031317346.tif,rvlcdip_00347.tif,7,specification,L4
rvlcdip_00348,imagesq/q/j/j/qjj05e00/2040788519.tif,rvlcdip_00348.tif,10,budget,L3
rvlcdip_00349,imagesb/b/o/u/bou60c00/2076362902_2906.tif,rvlcdip_00349.tif,6,scientific_publication,L1
rvlcdip_00350,imagesa/a/j/d/ajd43e00/2041818892.tif,rvlcdip_00350.tif,8,file_folder,L1
rvlcdip_00351,imagesq/q/b/f/qbf86c00/2084101464.tif,rvlcdip_00351.tif,1,form,L4
rvlcdip_00352,imagese/e/h/i/ehi2aa00/10172451_10172470.tif,rvlcdip_00352.tif,5,scientific_report,L1
rvlcdip_00353,imagesn/n/a/i/nai22f00/18004663.tif,rvlcdip_00353.tif,10,budget,L3
rvlcdip_00354,imagesg/g/n/o/gno98e00/2023609952.tif,rvlcdip_00354.tif,8,file_folder,L1
rvlcdip_00355,imagesl/l/p/p/lpp27e00/2028833933.tif,rvlcdip_00355.tif,1,form,L4
rvlcdip_00356,imagesp/p/s/c/psc45c00/2081919171c_9172.tif,rvlcdip_00356.tif,2,email,L2
rvlcdip_00357,imagesl/l/m/b/lmb65c00/2083345788c.tif,rvlcdip_00357.tif,2,email,L2
rvlcdip_00358,imagesm/m/i/e/mie07d00/tnwl0043832.tif,rvlcdip_00358.tif,10,budget,L3
rvlcdip_00359,imagesb/b/b/s/bbs27d00/2072739274_9275.tif,rvlcdip_00359.tif,1,form,L4
rvlcdip_00360,imagesk/k/p/s/kps62f00/tob11501.30_tob11501.33.tif,rvlcdip_00360.tif,10,budget,L3
rvlcdip_00361,imagesw/w/w/l/wwl88e00/2020136728.tif,rvlcdip_00361.tif,5,scientific_report,L1
rvlcdip_00362,imagesc/c/q/s/cqs25d00/505211415.tif,rvlcdip_00362.tif,0,letter,L2
rvlcdip_00363,imagesg/g/w/d/gwd21e00/87104252.tif,rvlcdip_00363.tif,11,invoice,L3
rvlcdip_00364,imagesk/k/x/d/kxd14c00/2069728070.tif,rvlcdip_00364.tif,7,specification,L4
rvlcdip_00365,imagesp/p/n/a/pna09e00/2029370731.tif,rvlcdip_00365.tif,11,invoice,L3
rvlcdip_00366,imagesq/q/v/n/qvn41e00/80052367.tif,rvlcdip_00366.tif,5,scientific_report,L1
rvlcdip_00367,imagesl/l/x/p/lxp97d00/2057242600.tif,rvlcdip_00367.tif,5,scientific_report,L1
rvlcdip_00368,imagesz/z/g/p/zgp05e00/2040799076.tif,rvlcdip_00368.tif,10,budget,L3
rvlcdip_00369,imagesk/k/n/m/knm45a00/507314309+-4309.tif,rvlcdip_00369.tif,7,specification,L4
rvlcdip_00370,imagesi/i/w/t/iwt86c00/2078872110.tif,rvlcdip_00370.tif,2,email,L2
rvlcdip_00371,imagesa/a/a/z/aaz21a00/0071025143.tif,rvlcdip_00371.tif,15,memo,L2
rvlcdip_00372,imagesf/f/c/o/fco93f00/0000534313.tif,rvlcdip_00372.tif,11,invoice,L3
rvlcdip_00373,imagesw/w/i/v/wiv68d00/502947803.tif,rvlcdip_00373.tif,0,letter,L2
rvlcdip_00374,imagesd/d/k/t/dkt71e00/01090483_01090484.tif,rvlcdip_00374.tif,15,memo,L2
rvlcdip_00375,imagesa/a/m/n/amn38e00/1001901081_1001901089.tif,rvlcdip_00375.tif,5,scientific_report,L1
rvlcdip_00376,imagesp/p/d/f/pdf63c00/2064876990.tif,rvlcdip_00376.tif,10,budget,L3
rvlcdip_00377,imagesk/k/g/t/kgt57e00/2031289945.tif,rvlcdip_00377.tif,8,file_folder,L1
rvlcdip_00378,imagesd/d/q/v/dqv82e00/2040855094.tif,rvlcdip_00378.tif,10,budget,L3
rvlcdip_00379,imagesy/y/x/m/yxm61a00/2051534766_2051534770.tif,rvlcdip_00379.tif,7,specification,L4
rvlcdip_00380,imagesm/m/l/n/mln59c00/PUBLICATIONS039338-9.tif,rvlcdip_00380.tif,6,scientific_publication,L1
rvlcdip_00381,imagest/t/r/m/trm65d00/504544677.tif,rvlcdip_00381.tif,7,specification,L4
rvlcdip_00382,imagesl/l/j/z/ljz86e00/2057674793.tif,rvlcdip_00382.tif,7,specification,L4
rvlcdip_00383,imagesk/k/g/y/kgy55f00/0060110224.tif,rvlcdip_00383.tif,8,file_folder,L1
rvlcdip_00384,imagesc/c/i/y/ciy05c00/2080367415.tif,rvlcdip_00384.tif,8,file_folder,L1
rvlcdip_00385,imagesd/d/s/h/dsh41a00/0012947358.tif,rvlcdip_00385.tif,1,form,L4
rvlcdip_00386,imagesw/w/u/z/wuz48d00/2063725693a.tif,rvlcdip_00386.tif,8,file_folder,L1
rvlcdip_00387,imagesr/r/m/b/rmb52d00/2023788339.tif,rvlcdip_00387.tif,5,scientific_report,L1
rvlcdip_00388,imagesh/h/r/q/hrq88c00/03560350.tif,rvlcdip_00388.tif,11,invoice,L3
rvlcdip_00389,imagesp/p/y/r/pyr90e00/91515329.tif,rvlcdip_00389.tif,11,invoice,L3
rvlcdip_00390,imagest/t/l/u/tlu43a00/2065458441.tif,rvlcdip_00390.tif,10,budget,L3
rvlcdip_00391,imagesh/h/s/t/hst45a00/505354450+-4450h.tif,rvlcdip_00391.tif,7,specification,L4
rvlcdip_00392,imagesn/n/u/y/nuy94a00/2064346278.tif,rvlcdip_00392.tif,2,email,L2
rvlcdip_00393,imagesb/b/z/q/bzq10a00/10017422_10017424.tif,rvlcdip_00393.tif,6,scientific_publication,L1
rvlcdip_00394,imagesq/q/u/e/que20e00/01753745.tif,rvlcdip_00394.tif,1,form,L4
rvlcdip_00395,imagesc/c/w/r/cwr02e00/2028728617.tif,rvlcdip_00395.tif,11,invoice,L3
rvlcdip_00396,imagesf/f/x/t/fxt63e00/2030020083.tif,rvlcdip_00396.tif,8,file_folder,L1
rvlcdip_00397,imagesr/r/p/b/rpb98c00/87026441.tif,rvlcdip_00397.tif,10,budget,L3
rvlcdip_00398,imagesp/p/n/s/pns46d00/70012450-2450.tif,rvlcdip_00398.tif,0,letter,L2
rvlcdip_00399,imagesi/i/q/l/iql17e00/2031320369.tif,rvlcdip_00399.tif,7,specification,L4
rvlcdip_00400,imagesq/q/b/h/qbh02a00/2026377371.tif,rvlcdip_00400.tif,0,letter,L2
rvlcdip_00401,imagesr/r/i/n/rin52f00/tob13529.04_tob13529.05.tif,rvlcdip_00401.tif,10,budget,L3
rvlcdip_00402,imagesd/d/m/s/dms43a00/2065531540_1542.tif,rvlcdip_00402.tif,10,budget,L3
rvlcdip_00403,imagesk/k/k/b/kkb45e00/2040964125.tif,rvlcdip_00403.tif,10,budget,L3
rvlcdip_00404,imagese/e/j/m/ejm72d00/518442904_518442905.tif,rvlcdip_00404.tif,11,invoice,L3
rvlcdip_00405,imagesx/x/h/d/xhd04e00/2040649140.tif,rvlcdip_00405.tif,10,budget,L3
rvlcdip_00406,imagesl/l/o/h/loh41f00/0000972858.tif,rvlcdip_00406.tif,7,specification,L4
rvlcdip_00407,imagesf/f/t/g/ftg05c00/2064730001.tif,rvlcdip_00407.tif,8,file_folder,L1
rvlcdip_00408,imagesl/l/c/z/lcz04f00/0000239849.tif,rvlcdip_00408.tif,0,letter,L2
rvlcdip_00409,imagesf/f/d/p/fdp31c00/2085698965.tif,rvlcdip_00409.tif,11,invoice,L3
rvlcdip_00410,imagesr/r/y/u/ryu38c00/2080332140a.tif,rvlcdip_00410.tif,2,email,L2
rvlcdip_00411,imagesa/a/k/k/akk45c00/2074210068.tif,rvlcdip_00411.tif,15,memo,L2
rvlcdip_00412,imagest/t/g/r/tgr07d00/tnwl0024894.tif,rvlcdip_00412.tif,10,budget,L3
rvlcdip_00413,imagesb/b/p/z/bpz65d00/504414346_504414353.tif,rvlcdip_00413.tif,0,letter,L2
rvlcdip_00414,imagesb/b/x/x/bxx22d00/2502219201.tif,rvlcdip_00414.tif,6,scientific_publication,L1
rvlcdip_00415,imagesn/n/m/j/nmj05e00/2040788332.tif,rvlcdip_00415.tif,10,budget,L3
rvlcdip_00416,imagesf/f/u/t/fut81c00/2081458773.tif,rvlcdip_00416.tif,2,email,L2
rvlcdip_00417,imagest/t/b/z/tbz55e00/2042705697.tif,rvlcdip_00417.tif,11,invoice,L3
rvlcdip_00418,imagesi/i/h/t/iht49d00/501254331.tif,rvlcdip_00418.tif,0,letter,L2
rvlcdip_00419,imagesc/c/s/n/csn84d00/506136036.tif,rvlcdip_00419.tif,0,letter,L2
rvlcdip_00420,imagesa/a/p/b/apb84c00/92222167.tif,rvlcdip_00420.tif,1,form,L4
rvlcdip_00421,imagesg/g/g/c/ggc10f00/0000547312.tif,rvlcdip_00421.tif,15,memo,L2
rvlcdip_00422,imagesa/a/f/u/afu43d00/511492807_511492826.tif,rvlcdip_00422.tif,7,specification,L4
rvlcdip_00423,imagesx/x/f/z/xfz94c00/2505491077_1082.tif,rvlcdip_00423.tif,6,scientific_publication,L1
rvlcdip_00424,imagesl/l/z/r/lzr50f00/0000227231.tif,rvlcdip_00424.tif,15,memo,L2
rvlcdip_00425,imagesk/k/t/a/kta15f00/0060179010.tif,rvlcdip_00425.tif,15,memo,L2
rvlcdip_00426,imagesg/g/i/e/gie12a00/2059637202.tif,rvlcdip_00426.tif,15,memo,L2
rvlcdip_00427,imagesc/c/f/i/cfi95c00/2073323479.tif,rvlcdip_00427.tif,15,memo,L2
rvlcdip_00428,imagesv/v/k/k/vkk59e00/2024474568.tif,rvlcdip_00428.tif,1,form,L4
rvlcdip_00429,imagesi/i/k/c/ikc51e00/03584612_03584613.tif,rvlcdip_00429.tif,0,letter,L2
rvlcdip_00430,imagesr/r/r/t/rrt50f00/0000224371.tif,rvlcdip_00430.tif,10,budget,L3
rvlcdip_00431,imagesi/i/u/m/ium06d00/50512518-2525.tif,rvlcdip_00431.tif,6,scientific_publication,L1
rvlcdip_00432,imagesp/p/m/n/pmn29e00/2501374340.tif,rvlcdip_00432.tif,8,file_folder,L1
rvlcdip_00433,imagesr/r/c/o/rco93e00/2041721629_2041721630.tif,rvlcdip_00433.tif,10,budget,L3
rvlcdip_00434,imagesu/u/t/e/ute65c00/2083148922.tif,rvlcdip_00434.tif,1,form,L4
rvlcdip_00435,imagesh/h/m/o/hmo34e00/2023526814.tif,rvlcdip_00435.tif,11,invoice,L3
rvlcdip_00436,imagesa/a/q/c/aqc61e00/00555312.tif,rvlcdip_00436.tif,11,invoice,L3
rvlcdip_00437,imagesv/v/c/p/vcp00d00/50339699-9704.tif,rvlcdip_00437.tif,6,scientific_publication,L1
rvlcdip_00438,imagesw/w/s/z/wsz33e00/2043343974.tif,rvlcdip_00438.tif,8,file_folder,L1
rvlcdip_00439,imageso/o/x/s/oxs56c00/2075328148.tif,rvlcdip_00439.tif,1,form,L4
rvlcdip_00440,imagesk/k/s/e/kse71e00/03678187.tif,rvlcdip_00440.tif,0,letter,L2
rvlcdip_00441,imagesf/f/m/o/fmo70a00/0060147221.tif,rvlcdip_00441.tif,8,file_folder,L1
rvlcdip_00442,imagesw/w/y/x/wyx20c00/2080960346a.tif,rvlcdip_00442.tif,2,email,L2
rvlcdip_00443,imageso/o/b/q/obq4aa00/10414185_10414198.tif,rvlcdip_00443.tif,6,scientific_publication,L1
rvlcdip_00444,imagesy/y/x/u/yxu00a00/60028058_60028061.tif,rvlcdip_00444.tif,6,scientific_publication,L1
rvlcdip_00445,imagesk/k/i/v/kiv80e00/88131648.tif,rvlcdip_00445.tif,11,invoice,L3
rvlcdip_00446,imagesp/p/c/a/pca52e00/2057999764.tif,rvlcdip_00446.tif,7,specification,L4
rvlcdip_00447,imagesh/h/d/f/hdf45c00/2081833888.tif,rvlcdip_00447.tif,2,email,L2
rvlcdip_00448,imagesv/v/t/d/vtd48c00/2083042460_2474.tif,rvlcdip_00448.tif,6,scientific_publication,L1
rvlcdip_00449,imagesg/g/d/n/gdn85d00/503690089_503690096.tif,rvlcdip_00449.tif,0,letter,L2
rvlcdip_00450,imagesi/i/e/o/ieo59e00/2024482867.tif,rvlcdip_00450.tif,8,file_folder,L1
rvlcdip_00451,imagesr/r/g/u/rgu05c00/2041604049.tif,rvlcdip_00451.tif,8,file_folder,L1
rvlcdip_00452,imagesk/k/h/z/khz05f00/0060182040.tif,rvlcdip_00452.tif,15,memo,L2
rvlcdip_00453,imagesg/g/e/d/ged99c00/40017000-7008.tif,rvlcdip_00453.tif,6,scientific_publication,L1
rvlcdip_00454,imagesi/i/u/r/iur95e00/2025533093_2025533100.tif,rvlcdip_00454.tif,5,scientific_report,L1
rvlcdip_00455,imageso/o/d/i/odi35e00/2024525721.tif,rvlcdip_00455.tif,11,invoice,L3
rvlcdip_00456,imagesf/f/i/o/fio23c00/91311875.tif,rvlcdip_00456.tif,15,memo,L2
rvlcdip_00457,imagesf/f/c/w/fcw23f00/0000016524.tif,rvlcdip_00457.tif,10,budget,L3
rvlcdip_00458,imagesv/v/o/j/voj78e00/2024751680.tif,rvlcdip_00458.tif,1,form,L4
rvlcdip_00459,imagesg/g/d/x/gdx02a00/2001117431_2001117432.tif,rvlcdip_00459.tif,5,scientific_report,L1
rvlcdip_00460,imagesv/v/i/y/viy25f00/0060206233.tif,rvlcdip_00460.tif,11,invoice,L3
rvlcdip_00461,imagesq/q/y/x/qyx59d00/500884730_500884735.tif,rvlcdip_00461.tif,1,form,L4
rvlcdip_00462,imagesw/w/t/s/wts48e00/1000755041.tif,rvlcdip_00462.tif,15,memo,L2
rvlcdip_00463,imagesz/z/n/j/znj99e00/0000395793.tif,rvlcdip_00463.tif,15,memo,L2
rvlcdip_00464,imagesm/m/i/n/min53c00/98393391_3393.tif,rvlcdip_00464.tif,10,budget,L3
rvlcdip_00465,imagesh/h/f/g/hfg94c00/99180494.tif,rvlcdip_00465.tif,15,memo,L2
rvlcdip_00466,imagesy/y/z/u/yzu43a00/2065411189.tif,rvlcdip_00466.tif,5,scientific_report,L1
rvlcdip_00467,imagesx/x/x/h/xxh26d00/50585613-5613.tif,rvlcdip_00467.tif,6,scientific_publication,L1
rvlcdip_00468,imagesw/w/o/a/woa72c00/2077998734.tif,rvlcdip_00468.tif,15,memo,L2
rvlcdip_00469,imagesu/u/f/l/ufl29e00/2501390168.tif,rvlcdip_00469.tif,5,scientific_report,L1
rvlcdip_00470,imagesy/y/w/o/ywo14f00/0000113783.tif,rvlcdip_00470.tif,11,invoice,L3
rvlcdip_00471,imagesz/z/c/l/zcl84c00/95824871.tif,rvlcdip_00471.tif,11,invoice,L3
rvlcdip_00472,imagesj/j/q/l/jql35d00/505015959.tif,rvlcdip_00472.tif,0,letter,L2
rvlcdip_00473,imagesg/g/m/t/gmt33e00/2048074331.tif,rvlcdip_00473.tif,8,file_folder,L1
rvlcdip_00474,imagesp/p/a/k/pak40f00/0000734295.tif,rvlcdip_00474.tif,7,specification,L4
rvlcdip_00475,imagesk/k/n/b/knb02e00/2028873827.tif,rvlcdip_00475.tif,5,scientific_report,L1
rvlcdip_00476,imagesz/z/o/t/zot61f00/2023147494_2023147495.tif,rvlcdip_00476.tif,7,specification,L4
rvlcdip_00477,imagesf/f/e/u/feu2aa00/10204142_10204147.tif,rvlcdip_00477.tif,6,scientific_publication,L1
rvlcdip_00478,imagesh/h/q/i/hqi71f00/2001215658_2001215660.tif,rvlcdip_00478.tif,5,scientific_report,L1
rvlcdip_00479,imagesz/z/j/l/zjl20a00/10149793_10149799.tif,rvlcdip_00479.tif,6,scientific_publication,L1
rvlcdip_00480,imagesg/g/e/s/ges05c00/2084423029.tif,rvlcdip_00480.tif,8,file_folder,L1
rvlcdip_00481,imagest/t/k/d/tkd50f00/0000264365.tif,rvlcdip_00481.tif,15,memo,L2
rvlcdip_00482,imagesz/z/r/h/zrh50d00/516532884+-2884.tif,rvlcdip_00482.tif,0,letter,L2
rvlcdip_00483,imagesi/i/g/d/igd00e00/87491669_87491674.tif,rvlcdip_00483.tif,6,scientific_publication,L1
rvlcdip_00484,imagesf/f/h/j/fhj98d00/50376321-6332.tif,rvlcdip_00484.tif,6,scientific_publication,L1
rvlcdip_00485,imagesi/i/v/i/ivi25c00/2078640049_0055.tif,rvlcdip_00485.tif,5,scientific_report,L1
rvlcdip_00486,imageso/o/c/h/och74c00/80421501_1502.tif,rvlcdip_00486.tif,1,form,L4
rvlcdip_00487,imagesn/n/l/f/nlf84a00/2041526520.tif,rvlcdip_00487.tif,1,form,L4
rvlcdip_00488,imagesv/v/w/k/vwk79e00/2050763168.tif,rvlcdip_00488.tif,1,form,L4
rvlcdip_00489,imagesc/c/o/b/cob43e00/2042168681.tif,rvlcdip_00489.tif,8,file_folder,L1
rvlcdip_00490,imagesi/i/g/e/ige17e00/2031313044.tif,rvlcdip_00490.tif,7,specification,L4
rvlcdip_00491,imagesn/n/i/d/nid22d00/2060439510_9514.tif,rvlcdip_00491.tif,6,scientific_publication,L1
rvlcdip_00492,imagesr/r/n/b/rnb65f00/0060111135.tif,rvlcdip_00492.tif,11,invoice,L3
rvlcdip_00493,imageso/o/a/w/oaw82a00/524425810+-5811.tif,rvlcdip_00493.tif,11,invoice,L3
rvlcdip_00494,imagesd/d/x/q/dxq41e00/80024754_80024787.tif,rvlcdip_00494.tif,5,scientific_report,L1
rvlcdip_00495,imagesp/p/p/r/ppr90d00/518253442+-3448.tif,rvlcdip_00495.tif,11,invoice,L3
rvlcdip_00496,imagesz/z/u/t/zut5aa00/11282312.tif,rvlcdip_00496.tif,0,letter,L2
rvlcdip_00497,imagesl/l/n/i/lni19e00/2500054333.tif,rvlcdip_00497.tif,8,file_folder,L1
rvlcdip_00498,imagesn/n/j/o/njo14c00/2069722225.tif,rvlcdip_00498.tif,7,specification,L4
rvlcdip_00499,imagesf/f/f/v/ffv60c00/2076616360.tif,rvlcdip_00499.tif,1,form,L4
rvlcdip_00500,imagesh/h/e/u/heu44c00/96651947.tif,rvlcdip_00500.tif,10,budget,L3
rvlcdip_00501,imagesl/l/p/o/lpo18e00/1001919983.tif,rvlcdip_00501.tif,15,memo,L2
rvlcdip_00502,imagesn/n/b/g/nbg05e00/2041372253_2041372254.tif,rvlcdip_00502.tif,10,budget,L3
rvlcdip_00503,imagesd/d/v/p/dvp84f00/0060339258.tif,rvlcdip_00503.tif,15,memo,L2
rvlcdip_00504,imageso/o/t/k/otk14c00/2069724213.tif,rvlcdip_00504.tif,7,specification,L4
rvlcdip_00505,imagesd/d/c/r/dcr95d00/50468534-8534.tif,rvlcdip_00505.tif,6,scientific_publication,L1
rvlcdip_00506,imagesc/c/e/q/ceq27e00/2028835849.tif,rvlcdip_00506.tif,1,form,L4
rvlcdip_00507,imagesy/y/k/u/yku49c00/2505116847_6848.tif,rvlcdip_00507.tif,1,form,L4
rvlcdip_00508,imagesw/w/y/y/wyy12f00/24012361.tif,rvlcdip_00508.tif,10,budget,L3
rvlcdip_00509,imagesr/r/f/s/rfs08c00/527897453+-7455.tif,rvlcdip_00509.tif,2,email,L2
rvlcdip_00510,imagesi/i/h/f/ihf09c00/93502689_2701.tif,rvlcdip_00510.tif,10,budget,L3
rvlcdip_00511,imagesj/j/e/m/jem91e00/00903717.tif,rvlcdip_00511.tif,0,letter,L2
rvlcdip_00512,imagesp/p/i/h/pih81c00/2502452896.tif,rvlcdip_00512.tif,11,invoice,L3
rvlcdip_00513,imagesj/j/e/p/jep00c00/2085121106a.tif,rvlcdip_00513.tif,2,email,L2
rvlcdip_00514,imagese/e/z/e/eze24f00/0000565390.tif,rvlcdip_00514.tif,15,memo,L2
rvlcdip_00515,imagesb/b/y/k/byk74e00/1000261970.tif,rvlcdip_00515.tif,11,invoice,L3
rvlcdip_00516,imagesq/q/f/j/qfj44c00/87066562_6565.tif,rvlcdip_00516.tif,11,invoice,L3
rvlcdip_00517,imagesw/w/f/m/wfm55a00/3100200628.tif,rvlcdip_00517.tif,2,email,L2
rvlcdip_00518,imagesa/a/c/c/acc78e00/2022882870_2022882878.tif,rvlcdip_00518.tif,10,budget,L3
rvlcdip_00519,imagesg/g/h/e/ghe35e00/2025036154.tif,rvlcdip_00519.tif,0,letter,L2
rvlcdip_00520,imageso/o/u/u/ouu52e00/2057672202.tif,rvlcdip_00520.tif,7,specification,L4
rvlcdip_00521,imagesm/m/q/w/mqw07d00/tnwl0015338_5431.tif,rvlcdip_00521.tif,10,budget,L3
rvlcdip_00522,imagesb/b/s/c/bsc14c00/2069728713.tif,rvlcdip_00522.tif,7,specification,L4
rvlcdip_00523,imagesk/k/l/j/klj98d00/50377037-7043.tif,rvlcdip_00523.tif,6,scientific_publication,L1
rvlcdip_00524,imagesl/l/o/z/loz34a00/2067076710.tif,rvlcdip_00524.tif,1,form,L4
rvlcdip_00525,imagesw/w/b/d/wbd98c00/87115782.tif,rvlcdip_00525.tif,1,form,L4
rvlcdip_00526,imagesz/z/i/x/zix22f00/tim00774.62.tif,rvlcdip_00526.tif,10,budget,L3
rvlcdip_00527,imagesb/b/c/c/bcc36e00/2048920348.tif,rvlcdip_00527.tif,5,scientific_report,L1
rvlcdip_00528,imagesy/y/w/b/ywb90a00/0060011253.tif,rvlcdip_00528.tif,0,letter,L2
rvlcdip_00529,imagesg/g/u/c/guc12e00/2028713434.tif,rvlcdip_00529.tif,11,invoice,L3
rvlcdip_00530,imagesg/g/m/j/gmj53d00/511071252.tif,rvlcdip_00530.tif,0,letter,L2
rvlcdip_00531,imagesl/l/c/q/lcq07c00/CTRSP-FILES022453-24.tif,rvlcdip_00531.tif,0,letter,L2
rvlcdip_00532,imagesk/k/r/i/kri11f00/0001245212.tif,rvlcdip_00532.tif,15,memo,L2
rvlcdip_00533,imagesr/r/z/a/rza07c00/70057656-7657.tif,rvlcdip_00533.tif,5,scientific_report,L1
rvlcdip_00534,imagese/e/p/d/epd54f00/0060343706.tif,rvlcdip_00534.tif,0,letter,L2
rvlcdip_00535,imagesl/l/a/o/lao22f00/04003095.tif,rvlcdip_00535.tif,10,budget,L3
rvlcdip_00536,imagesa/a/u/o/auo70e00/89983174.tif,rvlcdip_00536.tif,5,scientific_report,L1
rvlcdip_00537,imagesv/v/n/i/vni43e00/2040453990.tif,rvlcdip_00537.tif,8,file_folder,L1
rvlcdip_00538,imagesn/n/u/j/nuj58c00/93791239.tif,rvlcdip_00538.tif,15,memo,L2
rvlcdip_00539,imageso/o/q/l/oql98d00/50385137-5145.tif,rvlcdip_00539.tif,6,scientific_publication,L1
rvlcdip_00540,imagesp/p/f/f/pff19e00/2050817653_2050817654.tif,rvlcdip_00540.tif,5,scientific_report,L1
rvlcdip_00541,imagesp/p/b/d/pbd97e00/1000020758.tif,rvlcdip_00541.tif,1,form,L4
rvlcdip_00542,imagesw/w/q/x/wqx02c00/2085109801.tif,rvlcdip_00542.tif,2,email,L2
rvlcdip_00543,imagesk/k/i/w/kiw05a00/529208550+-8550.tif,rvlcdip_00543.tif,2,email,L2
rvlcdip_00544,imagesm/m/h/g/mhg96d00/tcal0468944.tif,rvlcdip_00544.tif,10,budget,L3
rvlcdip_00545,imagesk/k/c/k/kck22e00/2501621461_2501621462.tif,rvlcdip_00545.tif,5,scientific_report,L1
rvlcdip_00546,imagesm/m/s/w/msw17d00/2074886373.tif,rvlcdip_00546.tif,11,invoice,L3
rvlcdip_00547,imagesf/f/c/k/fck68c00/00727472_7478.tif,rvlcdip_00547.tif,6,scientific_publication,L1
rvlcdip_00548,imagesg/g/o/s/gos82d00/516928161.tif,rvlcdip_00548.tif,0,letter,L2
rvlcdip_00549,imagesb/b/v/z/bvz68e00/2023413505.tif,rvlcdip_00549.tif,8,file_folder,L1
rvlcdip_00550,imagesk/k/b/l/kbl27e00/2028728709.tif,rvlcdip_00550.tif,11,invoice,L3
rvlcdip_00551,imagesh/h/h/b/hhb17d00/tnwl0005133.tif,rvlcdip_00551.tif,10,budget,L3
rvlcdip_00552,imagesj/j/h/l/jhl54a00/92155922_5923.tif,rvlcdip_00552.tif,10,budget,L3
rvlcdip_00553,imagese/e/w/x/ewx34c00/83565156.tif,rvlcdip_00553.tif,11,invoice,L3
rvlcdip_00554,imagesw/w/t/p/wtp27e00/2028834467.tif,rvlcdip_00554.tif,5,scientific_report,L1
rvlcdip_00555,imagesx/x/o/r/xor43e00/2022907036.tif,rvlcdip_00555.tif,8,file_folder,L1
rvlcdip_00556,imagesc/c/d/g/cdg42f00/94005514_94005522.tif,rvlcdip_00556.tif,10,budget,L3
rvlcdip_00557,imagesj/j/u/c/juc45f00/0060057473.tif,rvlcdip_00557.tif,15,memo,L2
rvlcdip_00558,imagesl/l/r/r/lrr05a00/529326384+-6389.tif,rvlcdip_00558.tif,2,email,L2
rvlcdip_00559,imagesm/m/m/i/mmi29d00/502045678.tif,rvlcdip_00559.tif,0,letter,L2
rvlcdip_00560,imagesc/c/m/b/cmb12e00/2028715368_2028715369.tif,rvlcdip_00560.tif,11,invoice,L3
rvlcdip_00561,imagesw/w/u/w/wuw9aa00/60005776_60005782.tif,rvlcdip_00561.tif,6,scientific_publication,L1
rvlcdip_00562,imagesm/m/z/v/mzv86d00/tcal0262086_2096.tif,rvlcdip_00562.tif,15,memo,L2
rvlcdip_00563,imagesa/a/c/m/acm59c00/PUBLICATIONS043470-3.tif,rvlcdip_00563.tif,6,scientific_publication,L1
rvlcdip_00564,imagesq/q/c/s/qcs4aa00/10417436_10417438.tif,rvlcdip_00564.tif,6,scientific_publication,L1
rvlcdip_00565,imagesj/j/b/g/jbg09c00/83171133_1153.tif,rvlcdip_00565.tif,15,memo,L2
rvlcdip_00566,imagesp/p/m/o/pmo73c00/2065158153.tif,rvlcdip_00566.tif,1,form,L4
rvlcdip_00567,imagese/e/k/h/ekh81c00/2502452084.tif,rvlcdip_00567.tif,11,invoice,L3
rvlcdip_00568,imagesv/v/q/m/vqm04d00/508145515.tif,rvlcdip_00568.tif,0,letter,L2
rvlcdip_00569,imagesx/x/i/h/xih85a00/531548869+-8872.tif,rvlcdip_00569.tif,2,email,L2
rvlcdip_00570,imagesk/k/m/h/kmh08e00/1002906412.tif,rvlcdip_00570.tif,0,letter,L2
rvlcdip_00571,imagesp/p/g/v/pgv56e00/2028627505_2028627507.tif,rvlcdip_00571.tif,5,scientific_report,L1
rvlcdip_00572,imagesm/m/u/q/muq40f00/0000483289.tif,rvlcdip_00572.tif,10,budget,L3
rvlcdip_00573,imagest/t/t/j/ttj91e00/00920604.tif,rvlcdip_00573.tif,11,invoice,L3
rvlcdip_00574,imagesj/j/k/z/jkz73c00/2065182332.tif,rvlcdip_00574.tif,11,invoice,L3
rvlcdip_00575,imagesh/h/t/j/htj27e00/2028725407.tif,rvlcdip_00575.tif,1,form,L4
rvlcdip_00576,imagesn/n/c/v/ncv91f00/00000387.tif,rvlcdip_00576.tif,10,budget,L3
rvlcdip_00577,imagesg/g/i/j/gij46c00/2070045857a.tif,rvlcdip_00577.tif,2,email,L2
rvlcdip_00578,imagese/e/h/g/ehg02a00/2025467553.tif,rvlcdip_00578.tif,5,scientific_report,L1
rvlcdip_00579,imagesb/b/o/t/bot10a00/10060410_10060412.tif,rvlcdip_00579.tif,6,scientific_publication,L1
rvlcdip_00580,imagesw/w/j/j/wjj25f00/0060102539.tif,rvlcdip_00580.tif,8,file_folder,L1
rvlcdip_00581,imagesm/m/l/k/mlk06e00/2043948067.tif,rvlcdip_00581.tif,11,invoice,L3
rvlcdip_00582,imagesq/q/c/k/qck59e00/2024474251_2024474252.tif,rvlcdip_00582.tif,0,letter,L2
rvlcdip_00583,imagesk/k/m/t/kmt94c00/2505495248_5250.tif,rvlcdip_00583.tif,6,scientific_publication,L1
rvlcdip_00584,imagesp/p/s/m/psm07c00/CTRSP-FILES013930-39.tif,rvlcdip_00584.tif,0,letter,L2
rvlcdip_00585,imagesb/b/y/w/byw84d00/505963861.tif,rvlcdip_00585.tif,11,invoice,L3
rvlcdip_00586,imagese/e/q/i/eqi66c00/2074663635.tif,rvlcdip_00586.tif,1,form,L4
rvlcdip_00587,imageso/o/a/v/oav52e00/2057730004.tif,rvlcdip_00587.tif,15,memo,L2
rvlcdip_00588,imagesg/g/s/g/gsg38c00/511074045+-4045.tif,rvlcdip_00588.tif,7,specification,L4
rvlcdip_00589,imagesa/a/l/v/alv00e00/03537018.tif,rvlcdip_00589.tif,15,memo,L2
rvlcdip_00590,imagesl/l/l/q/llq71f00/2022180121_2022180122.tif,rvlcdip_00590.tif,5,scientific_report,L1
rvlcdip_00591,imagesp/p/q/b/pqb50c00/ti17150035.tif,rvlcdip_00591.tif,10,budget,L3
rvlcdip_00592,imagesn/n/p/k/npk34e00/2020051695_2020051699.tif,rvlcdip_00592.tif,5,scientific_report,L1
rvlcdip_00593,imagesa/a/t/c/atc82c00/2078778902.tif,rvlcdip_00593.tif,2,email,L2
rvlcdip_00594,imagesm/m/v/y/mvy10d00/526310479+-0479.tif,rvlcdip_00594.tif,2,email,L2
rvlcdip_00595,imagesz/z/o/m/zom98e00/2024054827.tif,rvlcdip_00595.tif,5,scientific_report,L1
rvlcdip_00596,imagesp/p/e/n/pen15e00/2026368798.tif,rvlcdip_00596.tif,11,invoice,L3
rvlcdip_00597,imagesy/y/q/f/yqf52c00/2074224424.tif,rvlcdip_00597.tif,2,email,L2
rvlcdip_00598,imagesb/b/i/w/biw00a00/10333525_10333533.tif,rvlcdip_00598.tif,6,scientific_publication,L1
rvlcdip_00599,imageso/o/a/s/oas21f00/0001459725.tif,rvlcdip_00599.tif,15,memo,L2
rvlcdip_00600,imagese/e/x/n/exn07e00/2056666286.tif,rvlcdip_00600.tif,1,form,L4
rvlcdip_00601,imagesq/q/u/o/quo10e00/01410423.tif,rvlcdip_00601.tif,10,budget,L3
rvlcdip_00602,imagesu/u/l/v/ulv27d00/2073096112_6118.tif,rvlcdip_00602.tif,10,budget,L3
rvlcdip_00603,imagesj/j/b/t/jbt58e00/2022207128.tif,rvlcdip_00603.tif,15,memo,L2
rvlcdip_00604,imagesk/k/v/g/kvg47e00/2030306007.tif,rvlcdip_00604.tif,1,form,L4
rvlcdip_00605,imagesk/k/b/r/kbr10a00/10017796_10017804.tif,rvlcdip_00605.tif,6,scientific_publication,L1
rvlcdip_00606,imagesq/q/f/v/qfv21e00/85701295_85701296.tif,rvlcdip_00606.tif,10,budget,L3
rvlcdip_00607,imagesz/z/s/r/zsr85a00/530508789+-8797.tif,rvlcdip_00607.tif,2,email,L2
rvlcdip_00608,imagesp/p/u/q/puq68e00/2001200516.tif,rvlcdip_00608.tif,6,scientific_publication,L1
rvlcdip_00609,imagesm/m/n/h/mnh01d00/515884265+-4266.tif,rvlcdip_00609.tif,0,letter,L2
rvlcdip_00610,imagesj/j/y/c/jyc32f00/tim00788.08.tif,rvlcdip_00610.tif,10,budget,L3
rvlcdip_00611,imagest/t/r/s/trs90e00/91514853.tif,rvlcdip_00611.tif,11,invoice,L3
rvlcdip_00612,imagesf/f/c/j/fcj61e00/04406782.tif,rvlcdip_00612.tif,1,form,L4
rvlcdip_00613,imagesm/m/r/i/mri17e00/2031317029.tif,rvlcdip_00613.tif,7,specification,L4
rvlcdip_00614,imagesd/d/s/b/dsb10f00/0000548603.tif,rvlcdip_00614.tif,10,budget,L3
rvlcdip_00615,imagesh/h/r/s/hrs44e00/2001111554_2001111555.tif,rvlcdip_00615.tif,6,scientific_publication,L1
rvlcdip_00616,imagesq/q/s/j/qsj64c00/88693162.tif,rvlcdip_00616.tif,15,memo,L2
rvlcdip_00617,imagesk/k/l/q/klq15e00/2026464210.tif,rvlcdip_00617.tif,5,scientific_report,L1
rvlcdip_00618,imagesu/u/e/k/uek87d00/2051111437.tif,rvlcdip_00618.tif,15,memo,L2
rvlcdip_00619,imagesi/i/r/l/irl57e00/2030975530.tif,rvlcdip_00619.tif,1,form,L4
rvlcdip_00620,imagesk/k/j/w/kjw42f00/tob14726.01_tob14726.09.tif,rvlcdip_00620.tif,10,budget,L3
rvlcdip_00621,imagesj/j/o/z/joz86e00/2057674954.tif,rvlcdip_00621.tif,7,specification,L4
rvlcdip_00622,imagesv/v/r/g/vrg96d00/tcal0468899.tif,rvlcdip_00622.tif,10,budget,L3
rvlcdip_00623,imagesu/u/s/b/usb16d00/50540844-0844.tif,rvlcdip_00623.tif,6,scientific_publication,L1
rvlcdip_00624,imagesf/f/j/w/fjw45f00/0060094186.tif,rvlcdip_00624.tif,15,memo,L2
rvlcdip_00625,imagesp/p/m/q/pmq67e00/2063590874.tif,rvlcdip_00625.tif,10,budget,L3
rvlcdip_00626,imagesq/q/f/g/qfg32c00/2070568129.tif,rvlcdip_00626.tif,0,letter,L2
rvlcdip_00627,imagesv/v/y/h/vyh45d00/2502335112_5118.tif,rvlcdip_00627.tif,5,scientific_report,L1
rvlcdip_00628,imagesb/b/h/b/bhb85a00/531714614+-4621.tif,rvlcdip_00628.tif,2,email,L2
rvlcdip_00629,imagesm/m/i/i/mii10e00/88736919.tif,rvlcdip_00629.tif,15,memo,L2
rvlcdip_00630,imagesh/h/t/a/hta99c00/40008700-8701.tif,rvlcdip_00630.tif,5,scientific_report,L1
rvlcdip_00631,imagesp/p/a/d/pad86d00/ti16351934.tif,rvlcdip_00631.tif,10,budget,L3
rvlcdip_00632,imageso/o/h/j/ohj00e00/94547632.tif,rvlcdip_00632.tif,0,letter,L2
rvlcdip_00633,imagesk/k/j/g/kjg05e00/2041373537.tif,rvlcdip_00633.tif,10,budget,L3
rvlcdip_00634,imagesp/p/l/n/pln17d00/2071863083b.tif,rvlcdip_00634.tif,2,email,L2
rvlcdip_00635,imagesg/g/i/k/gik12e00/2028698471.tif,rvlcdip_00635.tif,11,invoice,L3
rvlcdip_00636,imagesx/x/d/a/xda31e00/80684675.tif,rvlcdip_00636.tif,11,invoice,L3
rvlcdip_00637,imagesl/l/y/a/lya02e00/2028875587.tif,rvlcdip_00637.tif,5,scientific_report,L1
rvlcdip_00638,imagesh/h/n/d/hnd27d00/2075448738.tif,rvlcdip_00638.tif,2,email,L2
rvlcdip_00639,imagesk/k/o/j/koj06e00/2043682072.tif,rvlcdip_00639.tif,10,budget,L3
rvlcdip_00640,imagesm/m/g/d/mgd49e00/2061675215.tif,rvlcdip_00640.tif,1,form,L4
rvlcdip_00641,imagese/e/k/m/ekm27d00/2072356435c.tif,rvlcdip_00641.tif,2,email,L2
rvlcdip_00642,imagesk/k/c/p/kcp40f00/0000503387.tif,rvlcdip_00642.tif,10,budget,L3
rvlcdip_00643,imagest/t/r/b/trb62e00/2051617804_2051617806.tif,rvlcdip_00643.tif,5,scientific_report,L1
rvlcdip_00644,imagesj/j/m/c/jmc99c00/40012822-2822.tif,rvlcdip_00644.tif,6,scientific_publication,L1
rvlcdip_00645,imagest/t/g/b/tgb5aa00/11287466.tif,rvlcdip_00645.tif,0,letter,L2
rvlcdip_00646,imagesu/u/v/v/uvv5aa00/11298034_11298035.tif,rvlcdip_00646.tif,0,letter,L2
rvlcdip_00647,imagesi/i/i/d/iid04e00/2040649174.tif,rvlcdip_00647.tif,10,budget,L3
rvlcdip_00648,imagesz/z/x/l/zxl86c00/2081008030a.tif,rvlcdip_00648.tif,2,email,L2
rvlcdip_00649,imagesi/i/e/z/iez05d00/505675662.tif,rvlcdip_00649.tif,0,letter,L2
rvlcdip_00650,imagesv/v/k/z/vkz10c00/2085780315.tif,rvlcdip_00650.tif,2,email,L2
rvlcdip_00651,imagesj/j/j/w/jjw76c00/2084289283b.tif,rvlcdip_00651.tif,2,email,L2
rvlcdip_00652,imagesz/z/w/i/zwi65a00/530228432+-8440.tif,rvlcdip_00652.tif,2,email,L2
rvlcdip_00653,imagest/t/v/p/tvp02e00/2028742426.tif,rvlcdip_00653.tif,11,invoice,L3
rvlcdip_00654,imageso/o/r/l/orl44e00/2022211447_2022211449.tif,rvlcdip_00654.tif,5,scientific_report,L1
rvlcdip_00655,imagesn/n/q/m/nqm82c00/2078864385b_4386.tif,rvlcdip_00655.tif,2,email,L2
rvlcdip_00656,imagesp/p/k/z/pkz48e00/2001002714_2001002760.tif,rvlcdip_00656.tif,5,scientific_report,L1
rvlcdip_00657,imagesv/v/g/i/vgi83e00/2029182551.tif,rvlcdip_00657.tif,1,form,L4
rvlcdip_00658,imagesb/b/y/c/byc77e00/2047002720.tif,rvlcdip_00658.tif,0,letter,L2
rvlcdip_00659,imageso/o/b/v/obv25a00/81885289.tif,rvlcdip_00659.tif,2,email,L2
rvlcdip_00660,imagesu/u/w/e/uwe21e00/87103589.tif,rvlcdip_00660.tif,11,invoice,L3
rvlcdip_00661,imagesd/d/w/e/dwe08d00/2072174056.tif,rvlcdip_00661.tif,8,file_folder,L1
rvlcdip_00662,imagesg/g/n/u/gnu32e00/2501096831.tif,rvlcdip_00662.tif,8,file_folder,L1
rvlcdip_00663,imagesy/y/c/h/ych93c00/2060926186_6187.tif,rvlcdip_00663.tif,1,form,L4
rvlcdip_00664,imagesp/p/k/n/pkn03c00/525260477+-0477.tif,rvlcdip_00664.tif,1,form,L4
rvlcdip_00665,imagesk/k/z/y/kzy57e00/2031751816.tif,rvlcdip_00665.tif,8,file_folder,L1
rvlcdip_00666,imagesq/q/b/i/qbi97e00/1000039751_1000039758.tif,rvlcdip_00666.tif,6,scientific_publication,L1
rvlcdip_00667,imagesy/y/p/z/ypz41e00/04239209.tif,rvlcdip_00667.tif,10,budget,L3
rvlcdip_00668,imagesl/l/k/n/lkn65f00/0060081950.tif,rvlcdip_00668.tif,15,memo,L2
rvlcdip_00669,imagesm/m/b/u/mbu56c00/2075317464_7465.tif,rvlcdip_00669.tif,6,scientific_publication,L1
rvlcdip_00670,imagesu/u/g/c/ugc86d00/ti16370019_0038.tif,rvlcdip_00670.tif,10,budget,L3
rvlcdip_00671,imagesa/a/p/d/apd95e00/2025557418.tif,rvlcdip_00671.tif,8,file_folder,L1
rvlcdip_00672,imagest/t/n/s/tns09c00/95510524.tif,rvlcdip_00672.tif,0,letter,L2
rvlcdip_00673,imagesh/h/s/o/hso09e00/2024319799_2024319807.tif,rvlcdip_00673.tif,5,scientific_report,L1
rvlcdip_00674,imagesc/c/v/k/cvk14c00/2069724005.tif,rvlcdip_00674.tif,7,specification,L4
rvlcdip_00675,imagese/e/q/z/eqz4aa00/11285854_11285856.tif,rvlcdip_00675.tif,0,letter,L2
rvlcdip_00676,imagesa/a/m/v/amv35c00/2083647586a.tif,rvlcdip_00676.tif,2,email,L2
rvlcdip_00677,imagesn/n/a/z/naz35e00/2040765625.tif,rvlcdip_00677.tif,10,budget,L3
rvlcdip_00678,imagesy/y/n/n/ynn12f00/ton03511.21_ton03511.29.tif,rvlcdip_00678.tif,10,budget,L3
rvlcdip_00679,imagesf/f/j/s/fjs90e00/91514947.tif,rvlcdip_00679.tif,11,invoice,L3
rvlcdip_00680,imagesn/n/r/v/nrv10c00/2085536707.tif,rvlcdip_00680.tif,1,form,L4
rvlcdip_00681,imagesj/j/k/l/jkl12e00/2028696130.tif,rvlcdip_00681.tif,11,invoice,L3
rvlcdip_00682,imagesg/g/o/g/gog86d00/ti16290373.tif,rvlcdip_00682.tif,15,memo,L2
rvlcdip_00683,imagesf/f/j/r/fjr10a00/10019350_10019355.tif,rvlcdip_00683.tif,6,scientific_publication,L1
rvlcdip_00684,imagesh/h/x/i/hxi02c00/2085032825.tif,rvlcdip_00684.tif,8,file_folder,L1
rvlcdip_00685,imagesh/h/o/x/hox52c00/2075832418a.tif,rvlcdip_00685.tif,2,email,L2
rvlcdip_00686,imagesg/g/u/a/gua02f00/tob18708.47.tif,rvlcdip_00686.tif,10,budget,L3
rvlcdip_00687,imagesb/b/e/f/bef36c00/2078784559b.tif,rvlcdip_00687.tif,2,email,L2
rvlcdip_00688,imagese/e/i/n/ein33d00/512500952.tif,rvlcdip_00688.tif,7,specification,L4
rvlcdip_00689,imagesm/m/t/y/mty02c00/2085110186c.tif,rvlcdip_00689.tif,2,email,L2
rvlcdip_00690,imagesy/y/m/f/ymf59c00/PUBLICATIONS033675-3.tif,rvlcdip_00690.tif,6,scientific_publication,L1
rvlcdip_00691,imagesu/u/n/m/unm24c00/2069710729.tif,rvlcdip_00691.tif,7,specification,L4
rvlcdip_00692,imagesl/l/m/d/lmd55a00/509088829+-8829.tif,rvlcdip_00692.tif,0,letter,L2
rvlcdip_00693,imagesp/p/t/e/pte11e00/87847374.tif,rvlcdip_00693.tif,11,invoice,L3
rvlcdip_00694,imagesp/p/r/d/prd10a00/10360564_10360567.tif,rvlcdip_00694.tif,6,scientific_publication,L1
rvlcdip_00695,imagesg/g/u/k/guk93c00/2064810574_0576.tif,rvlcdip_00695.tif,6,scientific_publication,L1
rvlcdip_00696,imagesq/q/u/f/quf64f00/0060311512.tif,rvlcdip_00696.tif,0,letter,L2
rvlcdip_00697,imagesz/z/u/v/zuv07d00/tnwl0017784.tif,rvlcdip_00697.tif,10,budget,L3
rvlcdip_00698,imagest/t/v/i/tvi50c00/ti31149263.tif,rvlcdip_00698.tif,10,budget,L3
rvlcdip_00699,imagest/t/n/o/tno43e00/2023920952.tif,rvlcdip_00699.tif,8,file_folder,L1
rvlcdip_00700,imagesx/x/m/x/xmx01f00/0001254728.tif,rvlcdip_00700.tif,15,memo,L2
rvlcdip_00701,imagesb/b/q/u/bqu31c00/2085725161a.tif,rvlcdip_00701.tif,2,email,L2
rvlcdip_00702,imagesd/d/m/i/dmi43a00/89000199.tif,rvlcdip_00702.tif,11,invoice,L3
rvlcdip_00703,imagesp/p/g/i/pgi09e00/2057675037.tif,rvlcdip_00703.tif,7,specification,L4
rvlcdip_00704,imagesw/w/x/c/wxc45a00/82239977_9978.tif,rvlcdip_00704.tif,15,memo,L2
rvlcdip_00705,imagesq/q/y/m/qym49c00/2069714998.tif,rvlcdip_00705.tif,7,specification,L4
rvlcdip_00706,imagesy/y/d/y/ydy35e00/2040957175.tif,rvlcdip_00706.tif,10,budget,L3
rvlcdip_00707,imagesc/c/v/c/cvc79e00/2029154019.tif,rvlcdip_00707.tif,8,file_folder,L1
rvlcdip_00708,imagesk/k/k/u/kku55a00/531302974+-2974.tif,rvlcdip_00708.tif,2,email,L2
rvlcdip_00709,imagese/e/t/p/etp03e00/2044266825.tif,rvlcdip_00709.tif,8,file_folder,L1
rvlcdip_00710,imagesg/g/y/r/gyr45c00/2073979373_9374.tif,rvlcdip_00710.tif,5,scientific_report,L1
rvlcdip_00711,imagesa/a/z/j/azj38c00/511689143+-9144.tif,rvlcdip_00711.tif,0,letter,L2
rvlcdip_00712,imagesj/j/h/m/jhm81c00/2505630414a.tif,rvlcdip_00712.tif,2,email,L2
rvlcdip_00713,imagesq/q/m/u/qmu68e00/2001211314.tif,rvlcdip_00713.tif,11,invoice,L3
rvlcdip_00714,imagesc/c/q/y/cqy87c00/514185226+-5226.tif,rvlcdip_00714.tif,1,form,L4
rvlcdip_00715,imagesh/h/k/h/hkh50f00/0000257962.tif,rvlcdip_00715.tif,10,budget,L3
rvlcdip_00716,imagesr/r/a/r/rar93f00/0000344984.tif,rvlcdip_00716.tif,15,memo,L2
rvlcdip_00717,imagesw/w/h/x/whx11e00/87147561.tif,rvlcdip_00717.tif,11,invoice,L3
rvlcdip_00718,imagesm/m/c/l/mcl66c00/2074599103.tif,rvlcdip_00718.tif,10,budget,L3
rvlcdip_00719,imagesm/m/q/c/mqc39e00/2501561459_2501561460.tif,rvlcdip_00719.tif,5,scientific_report,L1
rvlcdip_00720,imagesd/d/v/z/dvz64d00/98519692.tif,rvlcdip_00720.tif,11,invoice,L3
rvlcdip_00721,imagesg/g/u/x/gux09e00/2050300265.tif,rvlcdip_00721.tif,8,file_folder,L1
rvlcdip_00722,imagesu/u/l/e/ule06c00/2072389283c_9284.tif,rvlcdip_00722.tif,2,email,L2
rvlcdip_00723,imagesq/q/c/g/qcg71f00/2000830359.tif,rvlcdip_00723.tif,5,scientific_report,L1
rvlcdip_00724,imagesf/f/g/w/fgw50f00/0000207539.tif,rvlcdip_00724.tif,10,budget,L3
rvlcdip_00725,imagesl/l/k/h/lkh2aa00/10167136.tif,rvlcdip_00725.tif,15,memo,L2
rvlcdip_00726,imagesb/b/a/c/bac86d00/ti16370225.tif,rvlcdip_00726.tif,10,budget,L3
rvlcdip_00727,imagesi/i/g/k/igk45a00/508582159+-2160.tif,rvlcdip_00727.tif,1,form,L4
rvlcdip_00728,imagest/t/y/w/tyw06c00/2046832913_2930.tif,rvlcdip_00728.tif,5,scientific_report,L1
rvlcdip_00729,imagesx/x/s/k/xsk56c00/2075548405.tif,rvlcdip_00729.tif,1,form,L4
rvlcdip_00730,imagesb/b/f/r/bfr32c00/2071496807_6812.tif,rvlcdip_00730.tif,10,budget,L3
rvlcdip_00731,imagesq/q/i/r/qir34c00/83786105_6107.tif,rvlcdip_00731.tif,15,memo,L2
rvlcdip_00732,imagesk/k/s/f/ksf80f00/0011920261.tif,rvlcdip_00732.tif,7,specification,L4
rvlcdip_00733,imagesa/a/w/g/awg91e00/03325213.tif,rvlcdip_00733.tif,15,memo,L2
rvlcdip_00734,imagest/t/s/b/tsb90e00/92347010.tif,rvlcdip_00734.tif,11,invoice,L3
rvlcdip_00735,imagesz/z/i/y/ziy09c00/83757955.tif,rvlcdip_00735.tif,1,form,L4
rvlcdip_00736,imagesn/n/q/l/nql4aa00/10391666.tif,rvlcdip_00736.tif,6,scientific_publication,L1
rvlcdip_00737,imagesm/m/b/d/mbd30a00/60002209.tif,rvlcdip_00737.tif,8,file_folder,L1
rvlcdip_00738,imagesc/c/g/o/cgo08d00/2071273313.tif,rvlcdip_00738.tif,8,file_folder,L1
rvlcdip_00739,imagesr/r/j/d/rjd68e00/2023095494_2023095495.tif,rvlcdip_00739.tif,6,scientific_publication,L1
rvlcdip_00740,imagesa/a/k/j/akj05e00/2040788488.tif,rvlcdip_00740.tif,10,budget,L3
rvlcdip_00741,imagesv/v/i/h/vih58e00/2021630488.tif,rvlcdip_00741.tif,11,invoice,L3
rvlcdip_00742,imagesi/i/m/g/img31c00/2085629974.tif,rvlcdip_00742.tif,8,file_folder,L1
rvlcdip_00743,imagesw/w/x/y/wxy34a00/2067100770.tif,rvlcdip_00743.tif,8,file_folder,L1
rvlcdip_00744,imagesm/m/i/o/mio89c00/50275846-5846.tif,rvlcdip_00744.tif,6,scientific_publication,L1
rvlcdip_00745,imagese/e/n/m/enm00a00/60019968.tif,rvlcdip_00745.tif,0,letter,L2
rvlcdip_00746,imagesy/y/l/l/yll61a00/2051530129_2051530133.tif,rvlcdip_00746.tif,7,specification,L4
rvlcdip_00747,imagesl/l/e/y/ley97c00/527796449+-6449.tif,rvlcdip_00747.tif,2,email,L2
rvlcdip_00748,imagesx/x/a/a/xaa28e00/1000767359.tif,rvlcdip_00748.tif,15,memo,L2
rvlcdip_00749,imagesv/v/u/s/vus22c00/2069734943.tif,rvlcdip_00749.tif,7,specification,L4
rvlcdip_00750,imagese/e/k/k/ekk70e00/89729619.tif,rvlcdip_00750.tif,15,memo,L2
rvlcdip_00751,imagesd/d/z/k/dzk90a00/0060052866.tif,rvlcdip_00751.tif,15,memo,L2
rvlcdip_00752,imagesl/l/g/h/lgh43a00/89001443.tif,rvlcdip_00752.tif,11,invoice,L3
rvlcdip_00753,imagesi/i/w/h/iwh33e00/2501453569.tif,rvlcdip_00753.tif,8,file_folder,L1
rvlcdip_00754,imagesn/n/x/t/nxt41c00/2085774007c_4008.tif,rvlcdip_00754.tif,2,email,L2
rvlcdip_00755,imagesh/h/d/o/hdo81c00/1013110.tif,rvlcdip_00755.tif,2,email,L2
rvlcdip_00756,imagesf/f/u/s/fus25a00/92854917.tif,rvlcdip_00756.tif,1,form,L4
rvlcdip_00757,imagesp/p/k/d/pkd04c00/2063906845_6847.tif,rvlcdip_00757.tif,5,scientific_report,L1
rvlcdip_00758,imagesu/u/k/s/uks62a00/2078406077.tif,rvlcdip_00758.tif,1,form,L4
rvlcdip_00759,imagesj/j/b/w/jbw94d00/505810251.tif,rvlcdip_00759.tif,1,form,L4
rvlcdip_00760,imagest/t/l/e/tle37d00/2074054278.tif,rvlcdip_00760.tif,8,file_folder,L1
rvlcdip_00761,imagesi/i/e/c/iec10a00/10351569_10351574.tif,rvlcdip_00761.tif,6,scientific_publication,L1
rvlcdip_00762,imagesj/j/w/r/jwr67d00/2048389380.tif,rvlcdip_00762.tif,8,file_folder,L1
rvlcdip_00763,imagesm/m/o/r/mor90d00/518252549+-2559.tif,rvlcdip_00763.tif,11,invoice,L3
rvlcdip_00764,imagesz/z/k/i/zki22f00/24007805.tif,rvlcdip_00764.tif,10,budget,L3
rvlcdip_00765,imagesb/b/z/l/bzl14f00/0000146843.tif,rvlcdip_00765.tif,15,memo,L2
rvlcdip_00766,imagesh/h/y/e/hye85c00/2076949317_9320.tif,rvlcdip_00766.tif,5,scientific_report,L1
rvlcdip_00767,imagesn/n/b/a/nba40f00/0012198379.tif,rvlcdip_00767.tif,11,invoice,L3
rvlcdip_00768,imagesi/i/d/f/idf42f00/94008052.tif,rvlcdip_00768.tif,10,budget,L3
rvlcdip_00769,imagesg/g/p/s/gps65a00/528808622+-8622.tif,rvlcdip_00769.tif,2,email,L2
rvlcdip_00770,imagesx/x/v/f/xvf82f00/tob07918.51.tif,rvlcdip_00770.tif,10,budget,L3
rvlcdip_00771,imagesr/r/p/f/rpf71e00/03674383.tif,rvlcdip_00771.tif,0,letter,L2
rvlcdip_00772,imagesm/m/r/g/mrg76e00/2042009662.tif,rvlcdip_00772.tif,15,memo,L2
rvlcdip_00773,imagesr/r/m/n/rmn60f00/0012189614.tif,rvlcdip_00773.tif,7,specification,L4
rvlcdip_00774,imagesa/a/n/o/ano93e00/2041719409.tif,rvlcdip_00774.tif,10,budget,L3
rvlcdip_00775,imagesb/b/c/y/bcy02e00/2022826960.tif,rvlcdip_00775.tif,1,form,L4
rvlcdip_00776,imagesd/d/y/a/dya42d00/2048724330.tif,rvlcdip_00776.tif,11,invoice,L3
rvlcdip_00777,imagesx/x/u/u/xuu76c00/2084289692d_9693.tif,rvlcdip_00777.tif,2,email,L2
rvlcdip_00778,imagesg/g/i/e/gie14c00/2069727798.tif,rvlcdip_00778.tif,7,specification,L4
rvlcdip_00779,imagesm/m/z/q/mzq88e00/2021152785_2021152786.tif,rvlcdip_00779.tif,15,memo,L2
rvlcdip_00780,imagesu/u/y/b/uyb32d00/2501926844.tif,rvlcdip_00780.tif,5,scientific_report,L1
rvlcdip_00781,imagesg/g/i/b/gib99c00/40010399-0400.tif,rvlcdip_00781.tif,5,scientific_report,L1
rvlcdip_00782,imagesp/p/o/v/pov33c00/99377786.tif,rvlcdip_00782.tif,0,letter,L2
rvlcdip_00783,imagesn/n/q/f/nqf59d00/501084835.tif,rvlcdip_00783.tif,11,invoice,L3
rvlcdip_00784,imagesu/u/i/w/uiw30e00/87223213_87223218.tif,rvlcdip_00784.tif,1,form,L4
rvlcdip_00785,imagesz/z/v/l/zvl35e00/2040755969.tif,rvlcdip_00785.tif,10,budget,L3
rvlcdip_00786,imagesr/r/q/d/rqd41a00/0012944484.tif,rvlcdip_00786.tif,7,specification,L4
rvlcdip_00787,imagesu/u/g/p/ugp3aa00/11234084.tif,rvlcdip_00787.tif,0,letter,L2
rvlcdip_00788,imagesl/l/b/q/lbq14c00/2069721263.tif,rvlcdip_00788.tif,7,specification,L4
rvlcdip_00789,imagesy/y/d/q/ydq3aa00/11237705.tif,rvlcdip_00789.tif,11,invoice,L3
rvlcdip_00790,imagesp/p/c/a/pca94c00/93504111.tif,rvlcdip_00790.tif,10,budget,L3
rvlcdip_00791,imagesb/b/s/n/bsn01c00/13152398.tif,rvlcdip_00791.tif,15,memo,L2
rvlcdip_00792,imageso/o/o/n/oon43c00/88393085_3094.tif,rvlcdip_00792.tif,6,scientific_publication,L1
rvlcdip_00793,imagesx/x/k/w/xkw82d00/516562805.tif,rvlcdip_00793.tif,1,form,L4
rvlcdip_00794,imagesi/i/b/r/ibr85f00/0060203215.tif,rvlcdip_00794.tif,11,invoice,L3
rvlcdip_00795,imagesq/q/i/f/qif58d00/2047164228.tif,rvlcdip_00795.tif,15,memo,L2
rvlcdip_00796,imagesy/y/u/f/yuf03a00/518526601+-6602.tif,rvlcdip_00796.tif,0,letter,L2
rvlcdip_00797,imagesb/b/n/m/bnm53d00/510994965.tif,rvlcdip_00797.tif,0,letter,L2
rvlcdip_00798,imagesq/q/p/l/qpl49c00/2082340915_0917.tif,rvlcdip_00798.tif,6,scientific_publication,L1
rvlcdip_00799,imagesr/r/p/c/rpc64a00/89447789.tif,rvlcdip_00799.tif,5,scientific_report,L1
rvlcdip_00800,imagesf/f/t/n/ftn61a00/2051539568_2051539570.tif,rvlcdip_00800.tif,7,specification,L4
rvlcdip_00801,imagesq/q/q/k/qqk43e00/2028360989.tif,rvlcdip_00801.tif,8,file_folder,L1
rvlcdip_00802,imagesv/v/c/l/vcl02e00/2028826945.tif,rvlcdip_00802.tif,5,scientific_report,L1
rvlcdip_00803,imageso/o/g/h/ogh53e00/2030729686.tif,rvlcdip_00803.tif,8,file_folder,L1
rvlcdip_00804,imagesb/b/r/x/brx70a00/0060154986.tif,rvlcdip_00804.tif,8,file_folder,L1
rvlcdip_00805,imagesu/u/b/z/ubz77d00/2065219585_9593.tif,rvlcdip_00805.tif,1,form,L4
rvlcdip_00806,imagesa/a/v/d/avd23d00/513265045.tif,rvlcdip_00806.tif,11,invoice,L3
rvlcdip_00807,imagesh/h/v/t/hvt8aa00/50063601.tif,rvlcdip_00807.tif,11,invoice,L3
rvlcdip_00808,imagesq/q/r/o/qro74e00/1000216337_1000216341.tif,rvlcdip_00808.tif,0,letter,L2
rvlcdip_00809,imagesg/g/l/d/gld27d00/2075443489.tif,rvlcdip_00809.tif,1,form,L4
rvlcdip_00810,imagesl/l/j/w/ljw86e00/2057672069.tif,rvlcdip_00810.tif,7,specification,L4
rvlcdip_00811,imagesg/g/i/n/gin23d00/513083164.tif,rvlcdip_00811.tif,7,specification,L4
rvlcdip_00812,imagesr/r/p/b/rpb12e00/2028715001.tif,rvlcdip_00812.tif,11,invoice,L3
rvlcdip_00813,imagesi/i/m/t/imt22c00/2069735824.tif,rvlcdip_00813.tif,7,specification,L4
rvlcdip_00814,imagese/e/u/i/eui64f00/0060364158.tif,rvlcdip_00814.tif,15,memo,L2
rvlcdip_00815,imagesm/m/p/a/mpa22e00/2023179350.tif,rvlcdip_00815.tif,11,invoice,L3
rvlcdip_00816,imagesq/q/u/i/qui66d00/514211723+-1727.tif,rvlcdip_00816.tif,0,letter,L2
rvlcdip_00817,imagesk/k/f/g/kfg23f00/0000115293.tif,rvlcdip_00817.tif,10,budget,L3
rvlcdip_00818,imagesu/u/q/l/uql82a00/527928921+-8921.tif,rvlcdip_00818.tif,2,email,L2
rvlcdip_00819,imagesl/l/c/p/lcp31e00/85646480_85646485.tif,rvlcdip_00819.tif,15,memo,L2
rvlcdip_00820,imagesr/r/a/g/rag90d00/521023638+-3638.tif,rvlcdip_00820.tif,1,form,L4
rvlcdip_00821,imagesu/u/s/f/usf51c00/523097798+-7799.tif,rvlcdip_00821.tif,0,letter,L2
rvlcdip_00822,imagesq/q/a/s/qas74c00/82862841.tif,rvlcdip_00822.tif,15,memo,L2
rvlcdip_00823,imagesl/l/o/b/lob11c00/699949.tif,rvlcdip_00823.tif,15,memo,L2
rvlcdip_00824,imagesc/c/e/t/cet61f00/2023147558.tif,rvlcdip_00824.tif,7,specification,L4
rvlcdip_00825,imagesv/v/m/c/vmc56d00/CTRCONTRACTS018794-8.tif,rvlcdip_00825.tif,11,invoice,L3
rvlcdip_00826,imagesh/h/v/g/hvg22c00/2085270199.tif,rvlcdip_00826.tif,2,email,L2
rvlcdip_00827,imagesy/y/w/y/ywy94a00/2064345001c_5002.tif,rvlcdip_00827.tif,2,email,L2
rvlcdip_00828,imagesv/v/k/x/vkx23f00/0000011677.tif,rvlcdip_00828.tif,10,budget,L3
rvlcdip_00829,imagesc/c/t/n/ctn67e00/2063603574.tif,rvlcdip_00829.tif,6,scientific_publication,L1
rvlcdip_00830,imagesb/b/s/s/bss90f00/0011836759.tif,rvlcdip_00830.tif,11,invoice,L3
rvlcdip_00831,imagesr/r/j/s/rjs61e00/03563391.tif,rvlcdip_00831.tif,15,memo,L2
rvlcdip_00832,imagesg/g/f/y/gfy81f00/2062560790.tif,rvlcdip_00832.tif,1,form,L4
rvlcdip_00833,imagesa/a/y/n/ayn95c00/2072981121.tif,rvlcdip_00833.tif,0,letter,L2
rvlcdip_00834,imagesw/w/k/r/wkr95c00/2072813716a.tif,rvlcdip_00834.tif,1,form,L4
rvlcdip_00835,imagesv/v/a/k/vak94a00/2072799676.tif,rvlcdip_00835.tif,1,form,L4
rvlcdip_00836,imagesd/d/b/i/dbi50e00/85879298_85879300.tif,rvlcdip_00836.tif,6,scientific_publication,L1
rvlcdip_00837,imagesn/n/f/p/nfp77d00/2076277559_7560.tif,rvlcdip_00837.tif,5,scientific_report,L1
rvlcdip_00838,imagesv/v/k/z/vkz10e00/87606373.tif,rvlcdip_00838.tif,6,scientific_publication,L1
rvlcdip_00839,imagesx/x/g/h/xgh73e00/2029276186_2029276210.tif,rvlcdip_00839.tif,5,scientific_report,L1
rvlcdip_00840,imagesi/i/f/y/ify86e00/2057673698.tif,rvlcdip_00840.tif,7,specification,L4
rvlcdip_00841,imagesw/w/v/s/wvs64c00/89813422_3434.tif,rvlcdip_00841.tif,5,scientific_report,L1
rvlcdip_00842,imagesb/b/q/k/bqk34c00/96420161.tif,rvlcdip_00842.tif,11,invoice,L3
rvlcdip_00843,imagesn/n/b/f/nbf74c00/91920226.tif,rvlcdip_00843.tif,10,budget,L3
rvlcdip_00844,imagesv/v/z/h/vzh65a00/530282542+-2542.tif,rvlcdip_00844.tif,2,email,L2
rvlcdip_00845,imagesn/n/c/q/ncq50e00/92679339.tif,rvlcdip_00845.tif,11,invoice,L3
rvlcdip_00846,imagesm/m/x/u/mxu98c00/89119116_9128.tif,rvlcdip_00846.tif,10,budget,L3
rvlcdip_00847,imagesi/i/g/t/igt59e00/2029198455.tif,rvlcdip_00847.tif,1,form,L4
rvlcdip_00848,imagesb/b/o/s/bos90a00/0060046127.tif,rvlcdip_00848.tif,15,memo,L2
rvlcdip_00849,imagesi/i/m/p/imp63f00/0001175877.tif,rvlcdip_00849.tif,15,memo,L2
rvlcdip_00850,imagesa/a/u/f/auf26d00/50567575-7577.tif,rvlcdip_00850.tif,5,scientific_report,L1
rvlcdip_00851,imagesw/w/k/h/wkh83d00/509072784.tif,rvlcdip_00851.tif,11,invoice,L3
rvlcdip_00852,imagesa/a/n/g/ang73e00/2050765697.tif,rvlcdip_00852.tif,5,scientific_report,L1
rvlcdip_00853,imagesa/a/r/j/arj01f00/0011654353.tif,rvlcdip_00853.tif,11,invoice,L3
rvlcdip_00854,imagest/t/x/w/txw71f00/2023858601.tif,rvlcdip_00854.tif,5,scientific_report,L1
rvlcdip_00855,imagesv/v/o/n/von43e00/2024709373.tif,rvlcdip_00855.tif,8,file_folder,L1
rvlcdip_00856,imagesh/h/j/t/hjt60e00/93486696_93486698.tif,rvlcdip_00856.tif,10,budget,L3
rvlcdip_00857,imageso/o/g/a/oga09e00/2029370093.tif,rvlcdip_00857.tif,11,invoice,L3
rvlcdip_00858,imagesp/p/f/a/pfa32c00/2069740713.tif,rvlcdip_00858.tif,7,specification,L4
rvlcdip_00859,imagesu/u/e/e/uee45d00/2042712978.tif,rvlcdip_00859.tif,11,invoice,L3
rvlcdip_00860,imagesa/a/j/v/ajv40c00/ti16810247.tif,rvlcdip_00860.tif,10,budget,L3
rvlcdip_00861,imagesi/i/f/n/ifn43e00/2025522587.tif,rvlcdip_00861.tif,8,file_folder,L1
rvlcdip_00862,imagesf/f/r/t/frt89d00/500131695.tif,rvlcdip_00862.tif,0,letter,L2
rvlcdip_00863,imagesd/d/a/v/dav02d00/71150448.tif,rvlcdip_00863.tif,2,email,L2
rvlcdip_00864,imagesy/y/n/e/yne41c00/2085756344d.tif,rvlcdip_00864.tif,2,email,L2
rvlcdip_00865,imagesx/x/d/f/xdf97e00/1000028679_1000028688.tif,rvlcdip_00865.tif,15,memo,L2
rvlcdip_00866,imagesd/d/z/f/dzf96d00/tcal0470210.tif,rvlcdip_00866.tif,10,budget,L3
rvlcdip_00867,imagesg/g/v/x/gvx94c00/2047038953.tif,rvlcdip_00867.tif,8,file_folder,L1
rvlcdip_00868,imagesy/y/o/f/yof95e00/2026396005.tif,rvlcdip_00868.tif,0,letter,L2
rvlcdip_00869,imagesd/d/u/s/dus84a00/2077864572.tif,rvlcdip_00869.tif,10,budget,L3
rvlcdip_00870,imagesn/n/z/i/nzi21e00/87718376.tif,rvlcdip_00870.tif,10,budget,L3
rvlcdip_00871,imagesk/k/x/t/kxt26e00/2053453597.tif,rvlcdip_00871.tif,7,specification,L4
rvlcdip_00872,imagesb/b/l/v/blv09e00/2050017353.tif,rvlcdip_00872.tif,1,form,L4
rvlcdip_00873,imagesu/u/g/y/ugy92c00/2084391301b_1302.tif,rvlcdip_00873.tif,2,email,L2
rvlcdip_00874,imagesy/y/j/u/yju96c00/CTRCONTRACTS009844-9.tif,rvlcdip_00874.tif,11,invoice,L3
rvlcdip_00875,imagesz/z/e/n/zen83c00/2045518779_8793.tif,rvlcdip_00875.tif,10,budget,L3
rvlcdip_00876,imagesv/v/b/p/vbp54a00/91891247.tif,rvlcdip_00876.tif,10,budget,L3
rvlcdip_00877,imagesn/n/k/m/nkm24c00/2069710918.tif,rvlcdip_00877.tif,7,specification,L4
rvlcdip_00878,imagesa/a/u/w/auw30e00/87168692.tif,rvlcdip_00878.tif,8,file_folder,L1
rvlcdip_00879,imagese/e/e/s/ees91f00/00001047.tif,rvlcdip_00879.tif,10,budget,L3
rvlcdip_00880,imagest/t/h/y/thy57d00/2042381549.tif,rvlcdip_00880.tif,10,budget,L3
rvlcdip_00881,imagesw/w/z/d/wzd59c00/PUBLICATIONS026673-6.tif,rvlcdip_00881.tif,6,scientific_publication,L1
rvlcdip_00882,imagesb/b/b/t/bbt44a00/95571000_1001.tif,rvlcdip_00882.tif,15,memo,L2
rvlcdip_00883,imagesu/u/t/h/uth60d00/524097129+-7129.tif,rvlcdip_00883.tif,0,letter,L2
rvlcdip_00884,imagesv/v/v/r/vvr14d00/507764852.tif,rvlcdip_00884.tif,0,letter,L2
rvlcdip_00885,imagesv/v/m/v/vmv44c00/96652734.tif,rvlcdip_00885.tif,10,budget,L3
rvlcdip_00886,imagesg/g/e/b/geb55f00/0060224332.tif,rvlcdip_00886.tif,15,memo,L2
rvlcdip_00887,imagesx/x/c/f/xcf63c00/2064877015_7016.tif,rvlcdip_00887.tif,0,letter,L2
rvlcdip_00888,imagesx/x/g/a/xga26e00/2055130679.tif,rvlcdip_00888.tif,15,memo,L2
rvlcdip_00889,imagese/e/d/g/edg41f00/0001058467.tif,rvlcdip_00889.tif,0,letter,L2
rvlcdip_00890,imagese/e/h/z/ehz10d00/526302468+-2469.tif,rvlcdip_00890.tif,2,email,L2
rvlcdip_00891,imagesy/y/j/w/yjw22e00/2501652777.tif,rvlcdip_00891.tif,1,form,L4
rvlcdip_00892,imagesh/h/t/r/htr17e00/2012517386.tif,rvlcdip_00892.tif,0,letter,L2
rvlcdip_00893,imagese/e/v/i/evi22d00/2057124462_4465.tif,rvlcdip_00893.tif,7,specification,L4
rvlcdip_00894,imagesv/v/z/h/vzh35e00/2024525859.tif,rvlcdip_00894.tif,11,invoice,L3
rvlcdip_00895,imagesp/p/h/t/pht85f00/0060105658.tif,rvlcdip_00895.tif,8,file_folder,L1
rvlcdip_00896,imageso/o/t/b/otb68d00/503251746_503251749.tif,rvlcdip_00896.tif,1,form,L4
rvlcdip_00897,imagesi/i/p/w/ipw57c00/2073369484_9489.tif,rvlcdip_00897.tif,15,memo,L2
rvlcdip_00898,imagesz/z/v/y/zvy21f00/0001454756.tif,rvlcdip_00898.tif,15,memo,L2
rvlcdip_00899,imagesu/u/b/e/ube63e00/2030138088.tif,rvlcdip_00899.tif,11,invoice,L3
rvlcdip_00900,imagesi/i/f/x/ifx64f00/0060321179.tif,rvlcdip_00900.tif,15,memo,L2
rvlcdip_00901,imagesl/l/x/b/lxb01d00/520026612+-6624.tif,rvlcdip_00901.tif,0,letter,L2
rvlcdip_00902,imagesh/h/q/v/hqv06e00/2043562095_2043562098.tif,rvlcdip_00902.tif,10,budget,L3
rvlcdip_00903,imagesn/n/z/l/nzl53e00/2022254219.tif,rvlcdip_00903.tif,5,scientific_report,L1
rvlcdip_00904,imagesm/m/z/s/mzs50d00/521545801+-5801.tif,rvlcdip_00904.tif,11,invoice,L3
rvlcdip_00905,imagesc/c/w/p/cwp54f00/0060281184.tif,rvlcdip_00905.tif,11,invoice,L3
rvlcdip_00906,imagese/e/t/d/etd83c00/2041159905.tif,rvlcdip_00906.tif,11,invoice,L3
rvlcdip_00907,imagesa/a/l/g/alg62d00/83545550.tif,rvlcdip_00907.tif,11,invoice,L3
rvlcdip_00908,imagesi/i/v/m/ivm36c00/2078167488.tif,rvlcdip_00908.tif,2,email,L2
rvlcdip_00909,imagesh/h/q/z/hqz25c00/2505136212.tif,rvlcdip_00909.tif,5,scientific_report,L1
rvlcdip_00910,imagest/t/u/y/tuy21f00/0001454722.tif,rvlcdip_00910.tif,15,memo,L2
rvlcdip_00911,imagesm/m/a/u/mau80a00/0060013576.tif,rvlcdip_00911.tif,8,file_folder,L1
rvlcdip_00912,imagesw/w/q/v/wqv77c00/504666093+-6094.tif,rvlcdip_00912.tif,0,letter,L2
rvlcdip_00913,imagesv/v/i/t/vit77c00/504542724+-2724.tif,rvlcdip_00913.tif,7,specification,L4
rvlcdip_00914,imagesk/k/u/m/kum49c00/2505123539_3542.tif,rvlcdip_00914.tif,11,invoice,L3
rvlcdip_00915,imagest/t/j/n/tjn35e00/2040735320.tif,rvlcdip_00915.tif,11,invoice,L3
rvlcdip_00916,imagesn/n/a/q/naq08d00/2071286365.tif,rvlcdip_00916.tif,2,email,L2
rvlcdip_00917,imagesg/g/n/c/gnc13e00/2060569062.tif,rvlcdip_00917.tif,15,memo,L2
rvlcdip_00918,imagesx/x/u/w/xuw42f00/tob14715.12.tif,rvlcdip_00918.tif,0,letter,L2
rvlcdip_00919,imagesm/m/h/l/mhl42e00/2058174377_2058174388.tif,rvlcdip_00919.tif,5,scientific_report,L1
rvlcdip_00920,imagesm/m/q/t/mqt35e00/2040762314_2040762316.tif,rvlcdip_00920.tif,10,budget,L3
rvlcdip_00921,imagesy/y/d/x/ydx85c00/2069718594.tif,rvlcdip_00921.tif,7,specification,L4
rvlcdip_00922,imagesf/f/u/q/fuq46d00/70013862-3862.tif,rvlcdip_00922.tif,0,letter,L2
rvlcdip_00923,imageso/o/q/d/oqd43c00/99036195_6201.tif,rvlcdip_00923.tif,6,scientific_publication,L1
rvlcdip_00924,imagese/e/j/t/ejt72e00/2056128171_2056128172.tif,rvlcdip_00924.tif,6,scientific_publication,L1
rvlcdip_00925,imagesd/d/a/s/das65a00/528850773+-0774.tif,rvlcdip_00925.tif,2,email,L2
rvlcdip_00926,imagesq/q/v/p/qvp17e00/2031295965.tif,rvlcdip_00926.tif,7,specification,L4
rvlcdip_00927,imagesz/z/g/e/zge17d00/tcal0448686_8687.tif,rvlcdip_00927.tif,0,letter,L2
rvlcdip_00928,imagesc/c/l/r/clr57c00/2073005731_5736.tif,rvlcdip_00928.tif,10,budget,L3
rvlcdip_00929,imagese/e/u/g/eug33e00/2063120719_2063120720.tif,rvlcdip_00929.tif,6,scientific_publication,L1
rvlcdip_00930,imagesf/f/w/u/fwu72c00/2078454271.tif,rvlcdip_00930.tif,2,email,L2
rvlcdip_00931,imagesq/q/l/l/qll50d00/522872049+-2050.tif,rvlcdip_00931.tif,2,email,L2
rvlcdip_00932,imagesk/k/v/u/kvu00d00/50351455-1459.tif,rvlcdip_00932.tif,5,scientific_report,L1
rvlcdip_00933,imagesh/h/d/b/hdb55c00/2076169069.tif,rvlcdip_00933.tif,1,form,L4
rvlcdip_00934,imagesp/p/k/v/pkv09c00/83612885.tif,rvlcdip_00934.tif,11,invoice,L3
rvlcdip_00935,imagesc/c/o/f/cof07c00/50734338-4342.tif,rvlcdip_00935.tif,6,scientific_publication,L1
rvlcdip_00936,imagesn/n/s/f/nsf29e00/2501335548.tif,rvlcdip_00936.tif,11,invoice,L3
rvlcdip_00937,imageso/o/p/w/opw63f00/0001170868.tif,rvlcdip_00937.tif,15,memo,L2
rvlcdip_00938,imagesf/f/t/h/fth15a00/528799137+-9138.tif,rvlcdip_00938.tif,2,email,L2
rvlcdip_00939,imagesa/a/x/d/axd96e00/2053624336.tif,rvlcdip_00939.tif,1,form,L4
rvlcdip_00940,imagesc/c/v/n/cvn76c00/2076861395_1397.tif,rvlcdip_00940.tif,0,letter,L2
rvlcdip_00941,imagesr/r/v/e/rve85a00/531619272+-9279.tif,rvlcdip_00941.tif,2,email,L2
rvlcdip_00942,imagesr/r/p/w/rpw22e00/2501651421.tif,rvlcdip_00942.tif,5,scientific_report,L1
rvlcdip_00943,imagesz/z/j/r/zjr04f00/0000278826.tif,rvlcdip_00943.tif,10,budget,L3
rvlcdip_00944,imagesh/h/a/c/hac49e00/2061672368.tif,rvlcdip_00944.tif,1,form,L4
rvlcdip_00945,imagesl/l/z/e/lze20c00/2085784446.tif,rvlcdip_00945.tif,2,email,L2
rvlcdip_00946,imagesk/k/b/m/kbm92e00/2048526084.tif,rvlcdip_00946.tif,10,budget,L3
rvlcdip_00947,imagesl/l/w/d/lwd82d00/518037441.tif,rvlcdip_00947.tif,0,letter,L2
rvlcdip_00948,imagesb/b/m/e/bme86d00/ti16310917.tif,rvlcdip_00948.tif,11,invoice,L3
rvlcdip_00949,imagesu/u/m/v/umv67c00/2078795796.tif,rvlcdip_00949.tif,15,memo,L2
rvlcdip_00950,imagesx/x/g/t/xgt05d00/505764320_505764321.tif,rvlcdip_00950.tif,1,form,L4
rvlcdip_00951,imagesm/m/a/j/maj51f00/0000949066.tif,rvlcdip_00951.tif,5,scientific_report,L1
rvlcdip_00952,imagesf/f/x/f/fxf51f00/0000951898.tif,rvlcdip_00952.tif,5,scientific_report,L1
rvlcdip_00953,imagesd/d/f/q/dfq47e00/2030403761.tif,rvlcdip_00953.tif,8,file_folder,L1
rvlcdip_00954,imagesv/v/e/a/vea42f00/24015022_24015023.tif,rvlcdip_00954.tif,10,budget,L3
rvlcdip_00955,imagesw/w/l/w/wlw05c00/2082722936.tif,rvlcdip_00955.tif,8,file_folder,L1
rvlcdip_00956,imagese/e/i/x/eix72e00/2048195330.tif,rvlcdip_00956.tif,15,memo,L2
rvlcdip_00957,imagesi/i/z/a/iza88c00/95749029.tif,rvlcdip_00957.tif,15,memo,L2
rvlcdip_00958,imagesr/r/t/f/rtf45d00/2040280489.tif,rvlcdip_00958.tif,10,budget,L3
rvlcdip_00959,imagese/e/r/z/erz64f00/0060288980.tif,rvlcdip_00959.tif,15,memo,L2
rvlcdip_00960,imagesz/z/e/i/zei53e00/2028589290.tif,rvlcdip_00960.tif,8,file_folder,L1
rvlcdip_00961,imagest/t/c/g/tcg33e00/2063052405.tif,rvlcdip_00961.tif,15,memo,L2
rvlcdip_00962,imagesa/a/h/g/ahg75e00/2040162280.tif,rvlcdip_00962.tif,10,budget,L3
rvlcdip_00963,imagesp/p/b/v/pbv92e00/2049428191.tif,rvlcdip_00963.tif,10,budget,L3
rvlcdip_00964,imagesp/p/e/k/pek74c00/92096407.tif,rvlcdip_00964.tif,10,budget,L3
rvlcdip_00965,imagesf/f/n/v/fnv46c00/2081999156_9167.tif,rvlcdip_00965.tif,6,scientific_publication,L1
rvlcdip_00966,imagesn/n/p/i/npi74c00/92004956.tif,rvlcdip_00966.tif,10,budget,L3
rvlcdip_00967,imagesi/i/h/z/ihz74c00/91660189.tif,rvlcdip_00967.tif,11,invoice,L3
rvlcdip_00968,imagesh/h/l/b/hlb10a00/10347597_10347609.tif,rvlcdip_00968.tif,6,scientific_publication,L1
rvlcdip_00969,imagesg/g/r/g/grg41e00/80231319_80231321.tif,rvlcdip_00969.tif,5,scientific_report,L1
rvlcdip_00970,imagesj/j/g/d/jgd43e00/2041822300.tif,rvlcdip_00970.tif,8,file_folder,L1
rvlcdip_00971,imagesn/n/r/g/nrg18d00/2048350338_0339.tif,rvlcdip_00971.tif,15,memo,L2
rvlcdip_00972,imagesd/d/i/i/dii00d00/50328334-8337.tif,rvlcdip_00972.tif,15,memo,L2
rvlcdip_00973,imagesk/k/r/w/krw33e00/2045086256.tif,rvlcdip_00973.tif,8,file_folder,L1
rvlcdip_00974,imagesq/q/h/h/qhh20c00/2085787001d.tif,rvlcdip_00974.tif,2,email,L2
rvlcdip_00975,imagesj/j/k/z/jkz12f00/24011995.tif,rvlcdip_00975.tif,10,budget,L3
rvlcdip_00976,imagesx/x/p/s/xps93e00/2040792137_2040792142.tif,rvlcdip_00976.tif,10,budget,L3
rvlcdip_00977,imagesx/x/u/n/xun71a00/2057444856_2057444857.tif,rvlcdip_00977.tif,7,specification,L4
rvlcdip_00978,imagesk/k/k/n/kkn14c00/2069722591.tif,rvlcdip_00978.tif,7,specification,L4
rvlcdip_00979,imagesu/u/y/a/uya10c00/2085133868c_3869.tif,rvlcdip_00979.tif,2,email,L2
rvlcdip_00980,imagesk/k/u/n/kun44e00/2022949424.tif,rvlcdip_00980.tif,8,file_folder,L1
rvlcdip_00981,imagesw/w/v/p/wvp13a00/504430422+-0423.tif,rvlcdip_00981.tif,1,form,L4
rvlcdip_00982,imagesn/n/x/f/nxf54a00/92676554.tif,rvlcdip_00982.tif,10,budget,L3
rvlcdip_00983,imagest/t/r/c/trc86d00/ti16360353.tif,rvlcdip_00983.tif,10,budget,L3
rvlcdip_00984,imagesu/u/o/t/uot33e00/2047623265.tif,rvlcdip_00984.tif,8,file_folder,L1
rvlcdip_00985,imagesl/l/m/h/lmh8aa00/11014235.tif,rvlcdip_00985.tif,0,letter,L2
rvlcdip_00986,imagesl/l/u/j/luj45f00/0060047037.tif,rvlcdip_00986.tif,15,memo,L2
rvlcdip_00987,imagesy/y/z/y/yzy25f00/0060048093.tif,rvlcdip_00987.tif,8,file_folder,L1
rvlcdip_00988,imagesc/c/z/g/czg67e00/2063650416.tif,rvlcdip_00988.tif,5,scientific_report,L1
rvlcdip_00989,imagesh/h/j/f/hjf70e00/91665650.tif,rvlcdip_00989.tif,11,invoice,L3
rvlcdip_00990,imagest/t/s/x/tsx85f00/0060221878.tif,rvlcdip_00990.tif,8,file_folder,L1
rvlcdip_00991,imagesu/u/f/j/ufj17e00/2031317221.tif,rvlcdip_00991.tif,7,specification,L4
rvlcdip_00992,imagesh/h/t/z/htz16e00/2044073304.tif,rvlcdip_00992.tif,1,form,L4
rvlcdip_00993,imageso/o/p/x/opx85c00/2073736411.tif,rvlcdip_00993.tif,5,scientific_report,L1
rvlcdip_00994,imagesx/x/v/y/xvy00a00/10336849_10336852.tif,rvlcdip_00994.tif,6,scientific_publication,L1
rvlcdip_00995,imageso/o/h/r/ohr08d00/2071356877_6881.tif,rvlcdip_00995.tif,1,form,L4
rvlcdip_00996,imagesl/l/c/q/lcq00e00/89722282.tif,rvlcdip_00996.tif,11,invoice,L3
rvlcdip_00997,imagesc/c/d/o/cdo11f00/0001241347.tif,rvlcdip_00997.tif,15,memo,L2
rvlcdip_00998,imagesl/l/n/u/lnu97d00/2071788737_8739.tif,rvlcdip_00998.tif,6,scientific_publication,L1
rvlcdip_00999,imagesa/a/n/q/anq17e00/2031296663.tif,rvlcdip_00999.tif,7,specification,L4
rvlcdip_01000,imagesc/c/t/x/ctx2aa00/10047308_10047309.tif,rvlcdip_01000.tif,0,letter,L2
rvlcdip_01001,imagesa/a/u/m/aum22c00/2069730714.tif,rvlcdip_01001.tif,7,specification,L4
rvlcdip_01002,imagesi/i/i/h/iih82c00/2078790993a.tif,rvlcdip_01002.tif,2,email,L2
rvlcdip_01003,imagesd/d/z/m/dzm17e00/2031321323.tif,rvlcdip_01003.tif,7,specification,L4
rvlcdip_01004,imagesn/n/m/l/nml98d00/50384041-4041.tif,rvlcdip_01004.tif,8,file_folder,L1
rvlcdip_01005,imageso/o/u/x/oux17e00/2024487276.tif,rvlcdip_01005.tif,11,invoice,L3
rvlcdip_01006,imagesn/n/e/o/neo93d00/508452624.tif,rvlcdip_01006.tif,0,letter,L2
rvlcdip_01007,imagesw/w/q/z/wqz61f00/2000050169.tif,rvlcdip_01007.tif,15,memo,L2
rvlcdip_01008,imagesx/x/u/p/xup01e00/86018063.tif,rvlcdip_01008.tif,11,invoice,L3
rvlcdip_01009,imagesz/z/v/n/zvn69e00/2028807545.tif,rvlcdip_01009.tif,5,scientific_report,L1
rvlcdip_01010,imagesi/i/r/v/irv02e00/2028721087.tif,rvlcdip_01010.tif,11,invoice,L3
rvlcdip_01011,imagesf/f/z/m/fzm24c00/2069710473.tif,rvlcdip_01011.tif,7,specification,L4
rvlcdip_01012,imagesk/k/m/w/kmw74d00/506261606_506261610.tif,rvlcdip_01012.tif,0,letter,L2
rvlcdip_01013,imagesa/a/f/g/afg82a00/527977271+-7271.tif,rvlcdip_01013.tif,2,email,L2
rvlcdip_01014,imagesc/c/z/v/czv00c00/2085125046c.tif,rvlcdip_01014.tif,2,email,L2
rvlcdip_01015,imagesh/h/w/v/hwv14c00/2080388915c_8916.tif,rvlcdip_01015.tif,2,email,L2
rvlcdip_01016,imagesa/a/o/j/aoj05e00/2040788260.tif,rvlcdip_01016.tif,10,budget,L3
rvlcdip_01017,imagesv/v/u/b/vub24e00/2028391083.tif,rvlcdip_01017.tif,1,form,L4
rvlcdip_01018,imagesk/k/x/x/kxx16e00/2043960412.tif,rvlcdip_01018.tif,11,invoice,L3
rvlcdip_01019,imagesp/p/h/s/phs49e00/2501672341.tif,rvlcdip_01019.tif,1,form,L4
rvlcdip_01020,imagesn/n/z/v/nzv22e00/2501658699.tif,rvlcdip_01020.tif,6,scientific_publication,L1
rvlcdip_01021,imagesw/w/q/s/wqs62c00/2077740001.tif,rvlcdip_01021.tif,2,email,L2
rvlcdip_01022,imagesa/a/p/b/apb41c00/2085753302.tif,rvlcdip_01022.tif,2,email,L2
rvlcdip_01023,imagese/e/d/n/edn51a00/0071083696.tif,rvlcdip_01023.tif,0,letter,L2
rvlcdip_01024,imagesc/c/x/z/cxz48e00/2021381003.tif,rvlcdip_01024.tif,10,budget,L3
rvlcdip_01025,imagesw/w/l/b/wlb55f00/0060086474.tif,rvlcdip_01025.tif,1,form,L4
rvlcdip_01026,imagesk/k/x/d/kxd21e00/87104282.tif,rvlcdip_01026.tif,11,invoice,L3
rvlcdip_01027,imagesf/f/u/y/fuy89c00/40004681-4681.tif,rvlcdip_01027.tif,6,scientific_publication,L1
rvlcdip_01028,imagesh/h/m/p/hmp44a00/513307606+-7611.tif,rvlcdip_01028.tif,7,specification,L4
rvlcdip_01029,imagesf/f/c/b/fcb46d00/50670316-0316.tif,rvlcdip_01029.tif,6,scientific_publication,L1
rvlcdip_01030,imagesp/p/w/z/pwz66d00/516744649+-4652.tif,rvlcdip_01030.tif,0,letter,L2
rvlcdip_01031,imagesw/w/v/v/wvv79c00/50237791-7791.tif,rvlcdip_01031.tif,0,letter,L2
rvlcdip_01032,imagesr/r/g/b/rgb78e00/2022891364.tif,rvlcdip_01032.tif,0,letter,L2
rvlcdip_01033,imagesg/g/b/g/gbg41e00/80234188.tif,rvlcdip_01033.tif,11,invoice,L3
rvlcdip_01034,imagesu/u/j/d/ujd15a00/528858878+-8880.tif,rvlcdip_01034.tif,2,email,L2
rvlcdip_01035,imagesg/g/z/a/gza41f00/0001182293.tif,rvlcdip_01035.tif,0,letter,L2
rvlcdip_01036,imagesz/z/n/c/znc43a00/98746511_6513.tif,rvlcdip_01036.tif,10,budget,L3
rvlcdip_01037,imagesb/b/h/j/bhj93a00/528053191+-3199.tif,rvlcdip_01037.tif,2,email,L2
rvlcdip_01038,imagesp/p/r/q/prq00c00/2085121958c_1959.tif,rvlcdip_01038.tif,2,email,L2
rvlcdip_01039,imagesz/z/h/q/zhq34e00/2015055858.tif,rvlcdip_01039.tif,10,budget,L3
rvlcdip_01040,imagesa/a/j/d/ajd95c00/2073516267.tif,rvlcdip_01040.tif,1,form,L4
rvlcdip_01041,imagesm/m/w/o/mwo41a00/0071064691.tif,rvlcdip_01041.tif,15,memo,L2
rvlcdip_01042,imagesg/g/o/q/goq66c00/2069718333.tif,rvlcdip_01042.tif,7,specification,L4
rvlcdip_01043,imagesr/r/m/h/rmh84e00/1000228355.tif,rvlcdip_01043.tif,0,letter,L2
rvlcdip_01044,imagese/e/h/v/ehv05e00/2041721478.tif,rvlcdip_01044.tif,10,budget,L3
rvlcdip_01045,imagesc/c/o/u/cou25c00/2505152276.tif,rvlcdip_01045.tif,1,form,L4
rvlcdip_01046,imagesz/z/o/d/zod09e00/2061663135_2061663136.tif,rvlcdip_01046.tif,15,memo,L2
rvlcdip_01047,imagesk/k/o/y/koy46c00/2505163869.tif,rvlcdip_01047.tif,1,form,L4
rvlcdip_01048,imagesm/m/v/a/mva65a00/530903227+-3232.tif,rvlcdip_01048.tif,2,email,L2
rvlcdip_01049,imagesb/b/p/q/bpq31f00/0001438953.tif,rvlcdip_01049.tif,1,form,L4
rvlcdip_01050,imagesw/w/s/q/wsq74e00/2025986809_2025986813.tif,rvlcdip_01050.tif,5,scientific_report,L1
rvlcdip_01051,imageso/o/f/t/oft98c00/88525325.tif,rvlcdip_01051.tif,15,memo,L2
rvlcdip_01052,imagesm/m/u/s/mus67e00/2063576884.tif,rvlcdip_01052.tif,11,invoice,L3
rvlcdip_01053,imagesg/g/i/q/giq48d00/2063235387.tif,rvlcdip_01053.tif,8,file_folder,L1
rvlcdip_01054,imageso/o/f/x/ofx93c00/2064018300.tif,rvlcdip_01054.tif,8,file_folder,L1
rvlcdip_01055,imagese/e/l/t/elt86c00/2078873111.tif,rvlcdip_01055.tif,2,email,L2
rvlcdip_01056,imagesx/x/x/e/xxe16c00/2071708880a.tif,rvlcdip_01056.tif,2,email,L2
rvlcdip_01057,imagesx/x/e/g/xeg12e00/2028705725.tif,rvlcdip_01057.tif,1,form,L4
rvlcdip_01058,imagesi/i/t/y/ity42d00/2024822531.tif,rvlcdip_01058.tif,5,scientific_report,L1
rvlcdip_01059,imagesb/b/v/p/bvp42d00/2050883847_3859.tif,rvlcdip_01059.tif,5,scientific_report,L1
rvlcdip_01060,imagesc/c/u/x/cux08c00/2064213390b.tif,rvlcdip_01060.tif,2,email,L2
rvlcdip_01061,imagesg/g/p/o/gpo63f00/0001176541.tif,rvlcdip_01061.tif,15,memo,L2
rvlcdip_01062,imagesu/u/n/o/uno30a00/60016085.tif,rvlcdip_01062.tif,8,file_folder,L1
rvlcdip_01063,imagesv/v/w/n/vwn93f00/0000536550.tif,rvlcdip_01063.tif,11,invoice,L3
rvlcdip_01064,imagesp/p/v/m/pvm16d00/50607776-7776.tif,rvlcdip_01064.tif,6,scientific_publication,L1
rvlcdip_01065,imageso/o/o/a/ooa21a00/0071005208.tif,rvlcdip_01065.tif,8,file_folder,L1
rvlcdip_01066,imagesg/g/b/j/gbj77d00/2076128685.tif,rvlcdip_01066.tif,15,memo,L2
rvlcdip_01067,imagese/e/j/l/ejl55e00/2045468114.tif,rvlcdip_01067.tif,10,budget,L3
rvlcdip_01068,imagesj/j/k/k/jkk69e00/2025999783.tif,rvlcdip_01068.tif,1,form,L4
rvlcdip_01069,imagesf/f/h/s/fhs3aa00/11242324_11242325.tif,rvlcdip_01069.tif,11,invoice,L3
rvlcdip_01070,imagesf/f/n/d/fnd59c00/PUBLICATIONS013504-3.tif,rvlcdip_01070.tif,6,scientific_publication,L1
rvlcdip_01071,imagesp/p/m/u/pmu32c00/2071909146_9147.tif,rvlcdip_01071.tif,0,letter,L2
rvlcdip_01072,imagesy/y/s/v/ysv15c00/2505347169.tif,rvlcdip_01072.tif,5,scientific_report,L1
rvlcdip_01073,imagesg/g/u/h/guh50f00/0000253805.tif,rvlcdip_01073.tif,10,budget,L3
rvlcdip_01074,imagesb/b/d/g/bdg93c00/2060910436_0439.tif,rvlcdip_01074.tif,7,specification,L4
rvlcdip_01075,imagesq/q/g/i/qgi25c00/2078640254.tif,rvlcdip_01075.tif,5,scientific_report,L1
rvlcdip_01076,imageso/o/z/c/ozc83c00/2041158034.tif,rvlcdip_01076.tif,11,invoice,L3
rvlcdip_01077,imageso/o/s/v/osv37c00/2076799085.tif,rvlcdip_01077.tif,11,invoice,L3
rvlcdip_01078,imagesl/l/n/x/lnx44a00/93764675.tif,rvlcdip_01078.tif,1,form,L4
rvlcdip_01079,imagest/t/d/m/tdm92e00/2048522831_2048522832.tif,rvlcdip_01079.tif,10,budget,L3
rvlcdip_01080,imagesd/d/h/x/dhx71c00/2086087834.tif,rvlcdip_01080.tif,1,form,L4
rvlcdip_01081,imagesi/i/h/m/ihm71f00/2021631698_2021631702.tif,rvlcdip_01081.tif,5,scientific_report,L1
rvlcdip_01082,imagesu/u/u/w/uuw9aa00/60005760_60005768.tif,rvlcdip_01082.tif,6,scientific_publication,L1
rvlcdip_01083,imagesw/w/t/k/wtk50c00/ti31669084.tif,rvlcdip_01083.tif,10,budget,L3
rvlcdip_01084,imagesi/i/b/j/ibj27e00/2028722006.tif,rvlcdip_01084.tif,1,form,L4
rvlcdip_01085,imagesw/w/g/b/wgb23f00/0000168833.tif,rvlcdip_01085.tif,10,budget,L3
rvlcdip_01086,imagesg/g/u/j/guj12e00/2028699024.tif,rvlcdip_01086.tif,1,form,L4
rvlcdip_01087,imagesa/a/u/n/aun22c00/2069731294.tif,rvlcdip_01087.tif,7,specification,L4
rvlcdip_01088,imagesd/d/a/d/dad15e00/2026441097.tif,rvlcdip_01088.tif,8,file_folder,L1
rvlcdip_01089,imageso/o/u/f/ouf16d00/50560667-0675.tif,rvlcdip_01089.tif,6,scientific_publication,L1
rvlcdip_01090,imagesq/q/y/x/qyx32d00/2069530967_0980.tif,rvlcdip_01090.tif,6,scientific_publication,L1
rvlcdip_01091,imagesx/x/c/q/xcq73d00/509330765.tif,rvlcdip_01091.tif,0,letter,L2
rvlcdip_01092,imagesn/n/f/s/nfs79e00/2024448267.tif,rvlcdip_01092.tif,5,scientific_report,L1
rvlcdip_01093,imagesm/m/g/r/mgr53c00/98703324.tif,rvlcdip_01093.tif,5,scientific_report,L1
rvlcdip_01094,imagesi/i/i/n/iin60c00/2075042654.tif,rvlcdip_01094.tif,2,email,L2
rvlcdip_01095,imagest/t/y/m/tym55a00/2709300147.tif,rvlcdip_01095.tif,2,email,L2
rvlcdip_01096,imagesa/a/n/x/anx93f00/0000333203.tif,rvlcdip_01096.tif,11,invoice,L3
rvlcdip_01097,imagesa/a/r/i/ari44a00/87699689_9695.tif,rvlcdip_01097.tif,10,budget,L3
rvlcdip_01098,imagesy/y/e/o/yeo00c00/2085120813a.tif,rvlcdip_01098.tif,2,email,L2
rvlcdip_01099,imagesn/n/f/y/nfy34c00/83565299.tif,rvlcdip_01099.tif,11,invoice,L3
rvlcdip_01100,imagesr/r/x/v/rxv63e00/2030015282.tif,rvlcdip_01100.tif,8,file_folder,L1
rvlcdip_01101,imagesl/l/x/g/lxg99e00/0000405607.tif,rvlcdip_01101.tif,10,budget,L3
rvlcdip_01102,imagesi/i/b/k/ibk86d00/ti14021161.tif,rvlcdip_01102.tif,15,memo,L2
rvlcdip_01103,imagesc/c/h/u/chu70c00/2078716270b.tif,rvlcdip_01103.tif,2,email,L2
rvlcdip_01104,imagest/t/g/l/tgl09d00/50443868-3868.tif,rvlcdip_01104.tif,8,file_folder,L1
rvlcdip_01105,imagesl/l/k/d/lkd94c00/96607683_7684.tif,rvlcdip_01105.tif,10,budget,L3
rvlcdip_01106,imagesk/k/w/j/kwj11a00/0011854770.tif,rvlcdip_01106.tif,15,memo,L2
rvlcdip_01107,imagesy/y/q/l/yql26d00/50610678-0678.tif,rvlcdip_01107.tif,6,scientific_publication,L1
rvlcdip_01108,imagesc/c/b/g/cbg02c00/2085020419_0420.tif,rvlcdip_01108.tif,2,email,L2
rvlcdip_01109,imagesy/y/u/f/yuf95a00/3000179629.tif,rvlcdip_01109.tif,8,file_folder,L1
rvlcdip_01110,imagesb/b/m/a/bma55d00/2022953049_3050.tif,rvlcdip_01110.tif,11,invoice,L3
rvlcdip_01111,imagest/t/g/t/tgt45c00/2069716177.tif,rvlcdip_01111.tif,7,specification,L4
rvlcdip_01112,imagesi/i/v/r/ivr56c00/2075334872.tif,rvlcdip_01112.tif,1,form,L4
rvlcdip_01113,imagesp/p/o/z/poz04f00/0000237975.tif,rvlcdip_01113.tif,15,memo,L2
rvlcdip_01114,imagesn/n/f/w/nfw96c00/CTRCONTRACTS015967-5.tif,rvlcdip_01114.tif,11,invoice,L3
rvlcdip_01115,imagesq/q/r/k/qrk80c00/2041532501.tif,rvlcdip_01115.tif,1,form,L4
rvlcdip_01116,imagesl/l/a/h/lah22d00/2055608466.tif,rvlcdip_01116.tif,11,invoice,L3
rvlcdip_01117,imagesp/p/g/b/pgb03e00/2046594733.tif,rvlcdip_01117.tif,15,memo,L2
rvlcdip_01118,imagesk/k/f/b/kfb68e00/2021566952.tif,rvlcdip_01118.tif,15,memo,L2
rvlcdip_01119,imagesx/x/l/d/xld98c00/87124102_4368.tif,rvlcdip_01119.tif,5,scientific_report,L1
rvlcdip_01120,imagesq/q/i/z/qiz07e00/2031305497.tif,rvlcdip_01120.tif,7,specification,L4
rvlcdip_01121,imagesx/x/a/t/xat45f00/0060046922.tif,rvlcdip_01121.tif,8,file_folder,L1
rvlcdip_01122,imageso/o/r/a/ora07e00/2040947510.tif,rvlcdip_01122.tif,15,memo,L2
rvlcdip_01123,imagesb/b/r/q/brq64e00/1003700317.tif,rvlcdip_01123.tif,15,memo,L2
rvlcdip_01124,imagesy/y/u/j/yuj79d00/500500825.tif,rvlcdip_01124.tif,0,letter,L2
rvlcdip_01125,imagesm/m/w/k/mwk36e00/2056138954_2056138956.tif,rvlcdip_01125.tif,6,scientific_publication,L1
rvlcdip_01126,imagesf/f/v/k/fvk85c00/2047128398.tif,rvlcdip_01126.tif,1,form,L4
rvlcdip_01127,imageso/o/n/l/onl65d00/504554052+-4052.tif,rvlcdip_01127.tif,7,specification,L4
rvlcdip_01128,imagesz/z/a/a/zaa32c00/2069740519.tif,rvlcdip_01128.tif,7,specification,L4
rvlcdip_01129,imagesn/n/r/y/nry64e00/1000039971_1000039982.tif,rvlcdip_01129.tif,15,memo,L2
rvlcdip_01130,imagesk/k/n/v/knv71f00/2023496784_2023496795.tif,rvlcdip_01130.tif,6,scientific_publication,L1
rvlcdip_01131,imagesm/m/e/p/mep19c00/2505530005_0010.tif,rvlcdip_01131.tif,6,scientific_publication,L1
rvlcdip_01132,imagesw/w/e/y/wey96c00/CTRCONTRACTS022521-2.tif,rvlcdip_01132.tif,11,invoice,L3
rvlcdip_01133,imagese/e/z/s/ezs67d00/2047709922.tif,rvlcdip_01133.tif,11,invoice,L3
rvlcdip_01134,imagesw/w/w/m/wwm38c00/512863464+-3470.tif,rvlcdip_01134.tif,7,specification,L4
rvlcdip_01135,imagesv/v/t/w/vtw00e00/94537164.tif,rvlcdip_01135.tif,1,form,L4
rvlcdip_01136,imagesi/i/c/g/icg20c00/2085786570a.tif,rvlcdip_01136.tif,2,email,L2
rvlcdip_01137,imagesi/i/t/c/itc01a00/0060307726.tif,rvlcdip_01137.tif,11,invoice,L3
rvlcdip_01138,imagesr/r/q/j/rqj69d00/500769253.tif,rvlcdip_01138.tif,0,letter,L2
rvlcdip_01139,imagesm/m/q/n/mqn80c00/2065332920b.tif,rvlcdip_01139.tif,2,email,L2
rvlcdip_01140,imagesm/m/f/e/mfe9aa00/50078101_50078104.tif,rvlcdip_01140.tif,6,scientific_publication,L1
rvlcdip_01141,imagesi/i/g/m/igm92c00/2082887775a.tif,rvlcdip_01141.tif,2,email,L2
rvlcdip_01142,imagesw/w/v/p/wvp24c00/94300087_0088.tif,rvlcdip_01142.tif,15,memo,L2
rvlcdip_01143,imagesk/k/g/g/kgg38e00/1003478256.tif,rvlcdip_01143.tif,15,memo,L2
rvlcdip_01144,imagesc/c/g/e/cge35a00/530294955+-4955.tif,rvlcdip_01144.tif,2,email,L2
rvlcdip_01145,imagesh/h/q/d/hqd31d00/505753631+-3632.tif,rvlcdip_01145.tif,0,letter,L2
rvlcdip_01146,imagesb/b/f/r/bfr73e00/2029244305.tif,rvlcdip_01146.tif,8,file_folder,L1
rvlcdip_01147,imageso/o/m/w/omw32d00/2069582030.tif,rvlcdip_01147.tif,8,file_folder,L1
rvlcdip_01148,imagesh/h/g/e/hge85c00/2076955029_5030.tif,rvlcdip_01148.tif,5,scientific_report,L1
rvlcdip_01149,imagese/e/c/z/ecz43a00/2065378308.tif,rvlcdip_01149.tif,11,invoice,L3
rvlcdip_01150,imagesj/j/g/n/jgn12c00/2085161060.tif,rvlcdip_01150.tif,15,memo,L2
rvlcdip_01151,imagesq/q/m/x/qmx72e00/2047440237.tif,rvlcdip_01151.tif,8,file_folder,L1
rvlcdip_01152,imagesh/h/z/t/hzt94e00/1003186024.tif,rvlcdip_01152.tif,1,form,L4
rvlcdip_01153,imagesi/i/h/a/iha39c00/2505398714a.tif,rvlcdip_01153.tif,2,email,L2
rvlcdip_01154,imagesx/x/p/g/xpg81f00/2028627302.tif,rvlcdip_01154.tif,5,scientific_report,L1
rvlcdip_01155,imagesi/i/n/g/ing89c00/50261675-1690.tif,rvlcdip_01155.tif,6,scientific_publication,L1
rvlcdip_01156,imagesu/u/w/i/uwi39e00/2501523475.tif,rvlcdip_01156.tif,8,file_folder,L1
rvlcdip_01157,imagest/t/j/l/tjl96c00/2078854207.tif,rvlcdip_01157.tif,2,email,L2
rvlcdip_01158,imagesd/d/q/e/dqe84e00/1000220980_1000220981.tif,rvlcdip_01158.tif,15,memo,L2
rvlcdip_01159,imagesi/i/i/u/iiu57d00/2044429009.tif,rvlcdip_01159.tif,8,file_folder,L1
rvlcdip_01160,imagesh/h/b/l/hbl40e00/81304270.tif,rvlcdip_01160.tif,5,scientific_report,L1
rvlcdip_01161,imagesu/u/a/o/uao30e00/87601163_87601165.tif,rvlcdip_01161.tif,5,scientific_report,L1
rvlcdip_01162,imagesa/a/o/j/aoj17e00/2031317304.tif,rvlcdip_01162.tif,7,specification,L4
rvlcdip_01163,imagesd/d/x/r/dxr85a00/530504076+-4076.tif,rvlcdip_01163.tif,2,email,L2
rvlcdip_01164,imagesd/d/t/m/dtm05f00/0060179184.tif,rvlcdip_01164.tif,8,file_folder,L1
rvlcdip_01165,imagesk/k/t/m/ktm54e00/1001528731.tif,rvlcdip_01165.tif,5,scientific_report,L1
rvlcdip_01166,imagesh/h/w/j/hwj30d00/515321920+-1920.tif,rvlcdip_01166.tif,0,letter,L2
rvlcdip_01167,imagese/e/u/m/eum32d00/2056661090_1091.tif,rvlcdip_01167.tif,15,memo,L2
rvlcdip_01168,imagest/t/q/o/tqo65a00/529202033+-2033.tif,rvlcdip_01168.tif,2,email,L2
rvlcdip_01169,imagesw/w/r/e/wre49e00/2061679663.tif,rvlcdip_01169.tif,1,form,L4
rvlcdip_01170,imagesm/m/i/u/miu31c00/2085725119a.tif,rvlcdip_01170.tif,2,email,L2
rvlcdip_01171,imagesz/z/b/m/zbm91e00/00903467.tif,rvlcdip_01171.tif,0,letter,L2
rvlcdip_01172,imagesh/h/j/z/hjz18e00/1004888189_1004888190.tif,rvlcdip_01172.tif,11,invoice,L3
rvlcdip_01173,imagesi/i/v/d/ivd74d00/506392846.tif,rvlcdip_01173.tif,0,letter,L2
rvlcdip_01174,imagest/t/q/c/tqc90a00/0060011492.tif,rvlcdip_01174.tif,15,memo,L2
rvlcdip_01175,imageso/o/f/r/ofr42e00/2029370399.tif,rvlcdip_01175.tif,11,invoice,L3
rvlcdip_01176,imagesj/j/d/t/jdt22c00/2069735429.tif,rvlcdip_01176.tif,7,specification,L4
rvlcdip_01177,imagesd/d/w/r/dwr78e00/2023513704_2023513726.tif,rvlcdip_01177.tif,6,scientific_publication,L1
rvlcdip_01178,imagesg/g/y/e/gye54c00/97072236.tif,rvlcdip_01178.tif,11,invoice,L3
rvlcdip_01179,imagest/t/a/r/tar07e00/2031297178.tif,rvlcdip_01179.tif,7,specification,L4
rvlcdip_01180,imagesq/q/v/k/qvk2aa00/10201471_10201479.tif,rvlcdip_01180.tif,6,scientific_publication,L1
rvlcdip_01181,imagesx/x/y/g/xyg45c00/2074258592.tif,rvlcdip_01181.tif,2,email,L2
rvlcdip_01182,imageso/o/f/m/ofm61a00/2051532199_2051532200.tif,rvlcdip_01182.tif,7,specification,L4
rvlcdip_01183,imagesg/g/q/o/gqo60d00/522482906+-2907.tif,rvlcdip_01183.tif,1,form,L4
rvlcdip_01184,imagesb/b/g/j/bgj27d00/2072088233.tif,rvlcdip_01184.tif,8,file_folder,L1
rvlcdip_01185,imagesc/c/b/q/cbq05e00/2040799860.tif,rvlcdip_01185.tif,10,budget,L3
rvlcdip_01186,imagesi/i/y/h/iyh70e00/92757010_92757027.tif,rvlcdip_01186.tif,5,scientific_report,L1
rvlcdip_01187,imagesm/m/z/k/mzk52e00/2054446082.tif,rvlcdip_01187.tif,7,specification,L4
rvlcdip_01188,imagesn/n/u/t/nut43e00/2015042739.tif,rvlcdip_01188.tif,8,file_folder,L1
rvlcdip_01189,imagesc/c/m/w/cmw43a00/2065399152_9157.tif,rvlcdip_01189.tif,6,scientific_publication,L1
rvlcdip_01190,imagesv/v/n/i/vni73d00/509478908.tif,rvlcdip_01190.tif,1,form,L4
rvlcdip_01191,imagesn/n/q/g/nqg90d00/520941264+-1266.tif,rvlcdip_01191.tif,0,letter,L2
rvlcdip_01192,imagesg/g/a/q/gaq41e00/80037404_80037425.tif,rvlcdip_01192.tif,5,scientific_report,L1
rvlcdip_01193,imagesz/z/e/b/zeb59c00/PUBLICATIONS006731-6.tif,rvlcdip_01193.tif,6,scientific_publication,L1
rvlcdip_01194,imagesa/a/u/d/aud43a00/96424066.tif,rvlcdip_01194.tif,11,invoice,L3
rvlcdip_01195,imagesn/n/l/t/nlt36d00/50613431-3431.tif,rvlcdip_01195.tif,6,scientific_publication,L1
rvlcdip_01196,imagesd/d/i/t/dit00e00/80703492.tif,rvlcdip_01196.tif,11,invoice,L3
rvlcdip_01197,imagesm/m/j/o/mjo65a00/529207435+-7435.tif,rvlcdip_01197.tif,2,email,L2
rvlcdip_01198,imagest/t/r/r/trr71a00/2057456898_2057456899.tif,rvlcdip_01198.tif,7,specification,L4
rvlcdip_01199,imagesf/f/g/l/fgl71a00/2057439843_2057439844.tif,rvlcdip_01199.tif,7,specification,L4
rvlcdip_01200,imageso/o/a/x/oax00a00/11051745_11051754.tif,rvlcdip_01200.tif,6,scientific_publication,L1
rvlcdip_01201,imagesb/b/l/g/blg42f00/94005174.tif,rvlcdip_01201.tif,10,budget,L3
rvlcdip_01202,imagesp/p/u/v/puv26c00/2071570576.tif,rvlcdip_01202.tif,11,invoice,L3
rvlcdip_01203,imagesr/r/q/e/rqe47e00/2030230003_2030230004.tif,rvlcdip_01203.tif,1,form,L4
rvlcdip_01204,imagesw/w/c/i/wci35e00/2024525766.tif,rvlcdip_01204.tif,11,invoice,L3
rvlcdip_01205,imagesw/w/q/w/wqw07d00/tnwl0015490.tif,rvlcdip_01205.tif,10,budget,L3
rvlcdip_01206,imagesj/j/j/l/jjl07d00/tnwl0034483.tif,rvlcdip_01206.tif,10,budget,L3
rvlcdip_01207,imagesj/j/p/r/jpr92e00/2045970097.tif,rvlcdip_01207.tif,15,memo,L2
rvlcdip_01208,imagesc/c/v/z/cvz57c00/2073416846.tif,rvlcdip_01208.tif,11,invoice,L3
rvlcdip_01209,imagesm/m/h/d/mhd30d00/520524555+-4558.tif,rvlcdip_01209.tif,0,letter,L2
rvlcdip_01210,imagesv/v/n/m/vnm05c00/2063130040_0047.tif,rvlcdip_01210.tif,6,scientific_publication,L1
rvlcdip_01211,imageso/o/d/h/odh38c00/511187340+-7340.tif,rvlcdip_01211.tif,0,letter,L2
rvlcdip_01212,imagesw/w/n/i/wni19c00/2078579042.tif,rvlcdip_01212.tif,5,scientific_report,L1
rvlcdip_01213,imagesk/k/t/t/ktt32c00/2071835224.tif,rvlcdip_01213.tif,2,email,L2
rvlcdip_01214,imagesu/u/e/s/ues93c00/2064354369.tif,rvlcdip_01214.tif,1,form,L4
rvlcdip_01215,imagesr/r/e/i/rei82e00/2054531044_2054531045.tif,rvlcdip_01215.tif,15,memo,L2
rvlcdip_01216,imagesm/m/g/d/mgd02a00/1000016158_1000016159.tif,rvlcdip_01216.tif,0,letter,L2
rvlcdip_01217,imagesf/f/a/m/fam86e00/2054826371.tif,rvlcdip_01217.tif,5,scientific_report,L1
rvlcdip_01218,imageso/o/r/l/orl63d00/510162371_510162381.tif,rvlcdip_01218.tif,1,form,L4
rvlcdip_01219,imagesb/b/m/k/bmk42e00/2061902546.tif,rvlcdip_01219.tif,8,file_folder,L1
rvlcdip_01220,imagest/t/b/v/tbv82c00/2081483482a.tif,rvlcdip_01220.tif,2,email,L2
rvlcdip_01221,imagesz/z/t/t/ztt25e00/2023460565.tif,rvlcdip_01221.tif,8,file_folder,L1
rvlcdip_01222,imagese/e/e/i/eei93a00/528719374+-9374.tif,rvlcdip_01222.tif,0,letter,L2
rvlcdip_01223,imagest/t/s/m/tsm45c00/2074132448.tif,rvlcdip_01223.tif,1,form,L4
rvlcdip_01224,imagesc/c/o/a/coa91d00/699460.tif,rvlcdip_01224.tif,0,letter,L2
rvlcdip_01225,imagesm/m/d/b/mdb63d00/510599298_510599339.tif,rvlcdip_01225.tif,7,specification,L4
rvlcdip_01226,imagesv/v/k/d/vkd86d00/ti16351871_1872.tif,rvlcdip_01226.tif,10,budget,L3
rvlcdip_01227,imagesy/y/d/i/ydi93e00/2051224549.tif,rvlcdip_01227.tif,1,form,L4
rvlcdip_01228,imagesp/p/w/s/pws77d00/2029120588.tif,rvlcdip_01228.tif,15,memo,L2
rvlcdip_01229,imagesb/b/z/p/bzp88e00/2020355147.tif,rvlcdip_01229.tif,15,memo,L2
rvlcdip_01230,imagesl/l/y/s/lys63c00/2065340819_0822.tif,rvlcdip_01230.tif,15,memo,L2
rvlcdip_01231,imagesu/u/u/q/uuq32d00/2028679423.tif,rvlcdip_01231.tif,1,form,L4
rvlcdip_01232,imagesb/b/e/j/bej20c00/2085788645.tif,rvlcdip_01232.tif,2,email,L2
rvlcdip_01233,imagesm/m/b/d/mbd85c00/2076958963.tif,rvlcdip_01233.tif,2,email,L2
rvlcdip_01234,imagesu/u/f/v/ufv30a00/60160617_60160622.tif,rvlcdip_01234.tif,6,scientific_publication,L1
rvlcdip_01235,imagesp/p/h/y/phy61a00/2057406252_2057406254.tif,rvlcdip_01235.tif,7,specification,L4
rvlcdip_01236,imageso/o/o/v/oov40e00/03324528.tif,rvlcdip_01236.tif,7,specification,L4
rvlcdip_01237,imagesa/a/z/h/azh3aa00/10160341.tif,rvlcdip_01237.tif,8,file_folder,L1
rvlcdip_01238,imagese/e/g/f/egf79e00/2028899835.tif,rvlcdip_01238.tif,6,scientific_publication,L1
rvlcdip_01239,imagesz/z/j/r/zjr64a00/2064207398a.tif,rvlcdip_01239.tif,2,email,L2
rvlcdip_01240,imagesm/m/t/d/mtd86d00/ti16351089_1094.tif,rvlcdip_01240.tif,10,budget,L3
rvlcdip_01241,imagesx/x/m/h/xmh82d00/517979320.tif,rvlcdip_01241.tif,11,invoice,L3
rvlcdip_01242,imagesv/v/e/m/vem63c00/2064959576_9577.tif,rvlcdip_01242.tif,0,letter,L2
rvlcdip_01243,imagesr/r/n/p/rnp82f00/tob07129.06.tif,rvlcdip_01243.tif,10,budget,L3
rvlcdip_01244,imagesi/i/u/v/iuv93f00/0000334808.tif,rvlcdip_01244.tif,0,letter,L2
rvlcdip_01245,imagesi/i/y/v/iyv33a00/501454700+-4702.tif,rvlcdip_01245.tif,7,specification,L4
rvlcdip_01246,imagesg/g/v/h/gvh27e00/2028716988.tif,rvlcdip_01246.tif,1,form,L4
rvlcdip_01247,imagesk/k/i/k/kik16d00/50590731-0731.tif,rvlcdip_01247.tif,8,file_folder,L1
rvlcdip_01248,imagest/t/m/m/tmm16d00/50607559-7565.tif,rvlcdip_01248.tif,6,scientific_publication,L1
rvlcdip_01249,imagesu/u/l/k/ulk14d00/507866419.tif,rvlcdip_01249.tif,7,specification,L4
rvlcdip_01250,imagesr/r/w/a/rwa54c00/80701702.tif,rvlcdip_01250.tif,11,invoice,L3
rvlcdip_01251,imagesr/r/d/m/rdm36e00/2056699842_2056699845.tif,rvlcdip_01251.tif,5,scientific_report,L1
rvlcdip_01252,imagesq/q/b/s/qbs13c00/92081868_1870.tif,rvlcdip_01252.tif,10,budget,L3
rvlcdip_01253,imagesw/w/g/n/wgn14c00/2069722811.tif,rvlcdip_01253.tif,7,specification,L4
rvlcdip_01254,imagesz/z/h/u/zhu90a00/0060014042.tif,rvlcdip_01254.tif,15,memo,L2
rvlcdip_01255,imagesk/k/k/v/kkv94e00/2040686885-a.tif,rvlcdip_01255.tif,8,file_folder,L1
rvlcdip_01256,imagese/e/e/e/eee80a00/0060010909.tif,rvlcdip_01256.tif,8,file_folder,L1
rvlcdip_01257,imagesk/k/r/e/kre63d00/510411393.tif,rvlcdip_01257.tif,0,letter,L2
rvlcdip_01258,imagesz/z/z/a/zza17e00/2031309105.tif,rvlcdip_01258.tif,7,specification,L4
rvlcdip_01259,imagesn/n/l/v/nlv58c00/00562778.tif,rvlcdip_01259.tif,10,budget,L3
rvlcdip_01260,imagesd/d/j/p/djp13f00/0000358809.tif,rvlcdip_01260.tif,15,memo,L2
rvlcdip_01261,imagesy/y/p/w/ypw23a00/500197391+-7391.tif,rvlcdip_01261.tif,0,letter,L2
rvlcdip_01262,imagesj/j/k/n/jkn61f00/2051520224_2051520225.tif,rvlcdip_01262.tif,7,specification,L4
rvlcdip_01263,imagesi/i/c/y/icy49e00/2025993610.tif,rvlcdip_01263.tif,5,scientific_report,L1
rvlcdip_01264,imagesj/j/z/c/jzc59c00/PUBLICATIONS011482-1.tif,rvlcdip_01264.tif,6,scientific_publication,L1
rvlcdip_01265,imageso/o/l/z/olz79d00/500323104.tif,rvlcdip_01265.tif,1,form,L4
rvlcdip_01266,imagesr/r/o/f/rof16d00/50552993-2993.tif,rvlcdip_01266.tif,6,scientific_publication,L1
rvlcdip_01267,imagesr/r/y/o/ryo00e00/91590766_91590767.tif,rvlcdip_01267.tif,11,invoice,L3
rvlcdip_01268,imagest/t/a/k/tak88e00/2020129324.tif,rvlcdip_01268.tif,7,specification,L4
rvlcdip_01269,imagesp/p/d/e/pde07e00/2041000309.tif,rvlcdip_01269.tif,15,memo,L2
rvlcdip_01270,imagesw/w/a/z/waz09e00/2046697815.tif,rvlcdip_01270.tif,8,file_folder,L1
rvlcdip_01271,imagesv/v/f/n/vfn29c00/2069714560.tif,rvlcdip_01271.tif,7,specification,L4
rvlcdip_01272,imagesd/d/u/q/duq34a00/2067314624.tif,rvlcdip_01272.tif,8,file_folder,L1
rvlcdip_01273,imagesx/x/z/f/xzf70e00/91573894_91573895.tif,rvlcdip_01273.tif,11,invoice,L3
rvlcdip_01274,imagesi/i/n/c/inc19e00/2500014223.tif,rvlcdip_01274.tif,5,scientific_report,L1
rvlcdip_01275,imagesm/m/k/h/mkh37d00/2074175278_5279.tif,rvlcdip_01275.tif,0,letter,L2
rvlcdip_01276,imagesl/l/n/m/lnm16e00/2048094463_2048094464.tif,rvlcdip_01276.tif,15,memo,L2
rvlcdip_01277,imagesh/h/z/m/hzm66d00/519290732+-0733.tif,rvlcdip_01277.tif,7,specification,L4
rvlcdip_01278,imagesv/v/u/w/vuw84f00/0060286300.tif,rvlcdip_01278.tif,8,file_folder,L1
rvlcdip_01279,imagesn/n/m/t/nmt01a00/0060052690.tif,rvlcdip_01279.tif,15,memo,L2
rvlcdip_01280,imagesk/k/k/y/kky71d00/865512.tif,rvlcdip_01280.tif,1,form,L4
rvlcdip_01281,imagesr/r/b/o/rbo92c00/2082986635.tif,rvlcdip_01281.tif,2,email,L2
rvlcdip_01282,imagesa/a/v/k/avk32e00/2501226670.tif,rvlcdip_01282.tif,11,invoice,L3
rvlcdip_01283,imagesm/m/e/l/mel81d00/13139670.tif,rvlcdip_01283.tif,0,letter,L2
rvlcdip_01284,imagesz/z/f/r/zfr41e00/80022825_80022855.tif,rvlcdip_01284.tif,5,scientific_report,L1
rvlcdip_01285,imagesq/q/w/g/qwg39c00/2505377316_7320.tif,rvlcdip_01285.tif,5,scientific_report,L1
rvlcdip_01286,imagesu/u/s/o/uso37c00/2073921326_1334.tif,rvlcdip_01286.tif,10,budget,L3
rvlcdip_01287,imagesj/j/e/r/jer32c00/2071496888.tif,rvlcdip_01287.tif,11,invoice,L3
rvlcdip_01288,imagesc/c/r/k/crk24e00/2024962491.tif,rvlcdip_01288.tif,1,form,L4
rvlcdip_01289,imagesk/k/g/c/kgc85a00/531680500+-0503.tif,rvlcdip_01289.tif,2,email,L2
rvlcdip_01290,imagesv/v/w/u/vwu86d00/tcal0289148.tif,rvlcdip_01290.tif,10,budget,L3
rvlcdip_01291,imagesy/y/e/d/yed66d00/502682741+-2744.tif,rvlcdip_01291.tif,0,letter,L2
rvlcdip_01292,imagesr/r/n/z/rnz45d00/2021629776_9790.tif,rvlcdip_01292.tif,6,scientific_publication,L1
rvlcdip_01293,imagesa/a/g/u/agu67c00/2078261659.tif,rvlcdip_01293.tif,2,email,L2
rvlcdip_01294,imagest/t/p/i/tpi24c00/2069712669.tif,rvlcdip_01294.tif,7,specification,L4
rvlcdip_01295,imagesx/x/o/q/xoq73e00/2029216705.tif,rvlcdip_01295.tif,1,form,L4
rvlcdip_01296,imagesz/z/t/p/ztp43c00/88699420.tif,rvlcdip_01296.tif,0,letter,L2
rvlcdip_01297,imagesr/r/m/y/rmy57c00/2073415061.tif,rvlcdip_01297.tif,15,memo,L2
rvlcdip_01298,imageso/o/n/p/onp33f00/0013043441.tif,rvlcdip_01298.tif,10,budget,L3
rvlcdip_01299,imagesq/q/i/w/qiw96c00/CTRCONTRACTS017922-7.tif,rvlcdip_01299.tif,11,invoice,L3
rvlcdip_01300,imagesk/k/e/x/kex08c00/2064213318a.tif,rvlcdip_01300.tif,2,email,L2
rvlcdip_01301,imagesc/c/o/l/col26d00/50611009-1009.tif,rvlcdip_01301.tif,8,file_folder,L1
rvlcdip_01302,imagesw/w/n/u/wnu4aa00/10420849_10420851.tif,rvlcdip_01302.tif,6,scientific_publication,L1
rvlcdip_01303,imagesu/u/v/b/uvb74e00/1003197978_1003197979.tif,rvlcdip_01303.tif,5,scientific_report,L1
rvlcdip_01304,imagesq/q/g/l/qgl71a00/2057439882_2057439884.tif,rvlcdip_01304.tif,7,specification,L4
rvlcdip_01305,imagesj/j/p/s/jps86d00/tcal0314981.tif,rvlcdip_01305.tif,15,memo,L2
rvlcdip_01306,imagesp/p/a/u/pau78c00/91875753.tif,rvlcdip_01306.tif,1,form,L4
rvlcdip_01307,imagesz/z/z/h/zzh17e00/2031316522.tif,rvlcdip_01307.tif,7,specification,L4
rvlcdip_01308,imagesv/v/p/y/vpy54f00/0060301514.tif,rvlcdip_01308.tif,11,invoice,L3
rvlcdip_01309,imagesh/h/r/c/hrc97e00/1000018520.tif,rvlcdip_01309.tif,15,memo,L2
rvlcdip_01310,imageso/o/j/x/ojx18e00/2057659111.tif,rvlcdip_01310.tif,7,specification,L4
rvlcdip_01311,imagest/t/a/w/taw72f00/tob08623.39.tif,rvlcdip_01311.tif,15,memo,L2
rvlcdip_01312,imagesb/b/h/w/bhw38d00/2000596704.tif,rvlcdip_01312.tif,15,memo,L2
rvlcdip_01313,imagesa/a/a/k/aak91e00/00920326.tif,rvlcdip_01313.tif,11,invoice,L3
rvlcdip_01314,imagesh/h/n/w/hnw84e00/1000314617_1000314688.tif,rvlcdip_01314.tif,1,form,L4
rvlcdip_01315,imagesl/l/x/m/lxm39e00/2501660703.tif,rvlcdip_01315.tif,6,scientific_publication,L1
rvlcdip_01316,imagest/t/c/j/tcj95e00/2026414777.tif,rvlcdip_01316.tif,1,form,L4
rvlcdip_01317,imagesd/d/p/f/dpf26e00/2056155202_2056155208.tif,rvlcdip_01317.tif,15,memo,L2
rvlcdip_01318,imagesn/n/c/w/ncw22c00/2069737505.tif,rvlcdip_01318.tif,7,specification,L4
rvlcdip_01319,imagesa/a/s/p/asp60e00/93199290.tif,rvlcdip_01319.tif,15,memo,L2
rvlcdip_01320,imagesm/m/w/y/mwy68e00/2001228102.tif,rvlcdip_01320.tif,0,letter,L2
rvlcdip_01321,imagesi/i/t/k/itk83f00/0001136463.tif,rvlcdip_01321.tif,11,invoice,L3
rvlcdip_01322,imagesz/z/s/m/zsm20a00/10159602.tif,rvlcdip_01322.tif,8,file_folder,L1
rvlcdip_01323,imagesx/x/m/n/xmn34c00/83672087.tif,rvlcdip_01323.tif,10,budget,L3
rvlcdip_01324,imagesy/y/o/x/yox30e00/87138545.tif,rvlcdip_01324.tif,8,file_folder,L1
rvlcdip_01325,imagesj/j/n/z/jnz10a00/10084978_10084982.tif,rvlcdip_01325.tif,6,scientific_publication,L1
rvlcdip_01326,imagese/e/m/h/emh39e00/2501506805.tif,rvlcdip_01326.tif,8,file_folder,L1
rvlcdip_01327,imagesk/k/m/s/kms92e00/2045915670.tif,rvlcdip_01327.tif,8,file_folder,L1
rvlcdip_01328,imagesl/l/f/a/lfa32c00/2069740717.tif,rvlcdip_01328.tif,7,specification,L4
rvlcdip_01329,imagesl/l/c/b/lcb81a00/2057485195_2057485196.tif,rvlcdip_01329.tif,7,specification,L4
rvlcdip_01330,imagesb/b/t/s/bts05f00/0060197739.tif,rvlcdip_01330.tif,0,letter,L2
rvlcdip_01331,imagesn/n/c/m/ncm22f00/11007015.tif,rvlcdip_01331.tif,10,budget,L3
rvlcdip_01332,imagesc/c/s/d/csd86d00/ti16350962.tif,rvlcdip_01332.tif,10,budget,L3
rvlcdip_01333,imagesr/r/g/q/rgq28e00/1000839108.tif,rvlcdip_01333.tif,15,memo,L2
rvlcdip_01334,imagesa/a/c/h/ach55e00/2051061009.tif,rvlcdip_01334.tif,15,memo,L2
rvlcdip_01335,imageso/o/m/n/omn65f00/0060058994.tif,rvlcdip_01335.tif,15,memo,L2
rvlcdip_01336,imagesz/z/i/c/zic32e00/2501387791.tif,rvlcdip_01336.tif,6,scientific_publication,L1
rvlcdip_01337,imagesk/k/q/y/kqy15c00/2069713978.tif,rvlcdip_01337.tif,7,specification,L4
rvlcdip_01338,imagesp/p/p/j/ppj46d00/50742055-2069.tif,rvlcdip_01338.tif,6,scientific_publication,L1
rvlcdip_01339,imagesz/z/a/d/zad85a00/531671804+-2138.tif,rvlcdip_01339.tif,2,email,L2
rvlcdip_01340,imagesd/d/s/r/dsr46d00/70013149-3149.tif,rvlcdip_01340.tif,0,letter,L2
rvlcdip_01341,imagesm/m/z/c/mzc00e00/87731961.tif,rvlcdip_01341.tif,1,form,L4
rvlcdip_01342,imageso/o/s/v/osv10c00/2085538136.tif,rvlcdip_01342.tif,1,form,L4
rvlcdip_01343,imagesw/w/n/o/wno36c00/2077652223.tif,rvlcdip_01343.tif,11,invoice,L3
rvlcdip_01344,imagesm/m/y/g/myg78c00/83584944.tif,rvlcdip_01344.tif,11,invoice,L3
rvlcdip_01345,imagesm/m/u/s/mus65c00/2069717252.tif,rvlcdip_01345.tif,7,specification,L4
rvlcdip_01346,imagesf/f/h/n/fhn23f00/0000073090.tif,rvlcdip_01346.tif,15,memo,L2
rvlcdip_01347,imagesf/f/t/j/ftj07d00/tnwl0038365.tif,rvlcdip_01347.tif,10,budget,L3
rvlcdip_01348,imagesk/k/x/l/kxl44a00/82491256.tif,rvlcdip_01348.tif,1,form,L4
rvlcdip_01349,imagesj/j/i/c/jic84e00/1000207765_1000207766.tif,rvlcdip_01349.tif,5,scientific_report,L1
rvlcdip_01350,imagesp/p/a/d/pad45e00/2040684923.tif,rvlcdip_01350.tif,10,budget,L3
rvlcdip_01351,imagesd/d/s/l/dsl07c00/CTRSP-FILES012227-22.tif,rvlcdip_01351.tif,5,scientific_report,L1
rvlcdip_01352,imagese/e/l/h/elh12e00/2028702348.tif,rvlcdip_01352.tif,11,invoice,L3
rvlcdip_01353,imagese/e/k/c/ekc18d00/2070315820_5821.tif,rvlcdip_01353.tif,10,budget,L3
rvlcdip_01354,imagesu/u/r/g/urg42f00/94004861_94004863.tif,rvlcdip_01354.tif,10,budget,L3
rvlcdip_01355,imagese/e/q/d/eqd81a00/2057736705.tif,rvlcdip_01355.tif,5,scientific_report,L1
rvlcdip_01356,imagesv/v/s/v/vsv00c00/2085124965d_4966.tif,rvlcdip_01356.tif,2,email,L2
rvlcdip_01357,imagesk/k/v/j/kvj14c00/2069724688.tif,rvlcdip_01357.tif,7,specification,L4
rvlcdip_01358,imagesl/l/w/i/lwi20a00/10132282_10132311.tif,rvlcdip_01358.tif,6,scientific_publication,L1
rvlcdip_01359,imagesf/f/w/b/fwb82d00/518047651.tif,rvlcdip_01359.tif,0,letter,L2
rvlcdip_01360,imagesx/x/b/b/xbb73d00/509656874_509656882.tif,rvlcdip_01360.tif,0,letter,L2
rvlcdip_01361,imagesa/a/l/f/alf78e00/2022844940.tif,rvlcdip_01361.tif,8,file_folder,L1
rvlcdip_01362,imagesq/q/x/k/qxk33a00/512967495+-7497.tif,rvlcdip_01362.tif,1,form,L4
rvlcdip_01363,imagesc/c/t/e/cte2aa00/10120993_10120996.tif,rvlcdip_01363.tif,6,scientific_publication,L1
rvlcdip_01364,imagesr/r/p/z/rpz33c00/99410168c.tif,rvlcdip_01364.tif,2,email,L2
rvlcdip_01365,imagesx/x/n/k/xnk96d00/tcal0349900_9901.tif,rvlcdip_01365.tif,10,budget,L3
rvlcdip_01366,imagesr/r/c/i/rci45a00/509103371+-3373.tif,rvlcdip_01366.tif,7,specification,L4
rvlcdip_01367,imagesp/p/q/t/pqt47c00/2072431831b.tif,rvlcdip_01367.tif,2,email,L2
rvlcdip_01368,imagesf/f/u/i/fui92c00/2082420222_0223.tif,rvlcdip_01368.tif,1,form,L4
rvlcdip_01369,imagesl/l/f/j/lfj40c00/ti11492213.tif,rvlcdip_01369.tif,0,letter,L2
rvlcdip_01370,imagesx/x/n/a/xna36d00/50727522-7526.tif,rvlcdip_01370.tif,6,scientific_publication,L1
rvlcdip_01371,imagese/e/s/e/ese92e00/2049387595.tif,rvlcdip_01371.tif,0,letter,L2
rvlcdip_01372,imagesb/b/u/t/but74c00/87499497_9501.tif,rvlcdip_01372.tif,6,scientific_publication,L1
rvlcdip_01373,imagesu/u/s/a/usa05c00/2064390112.tif,rvlcdip_01373.tif,5,scientific_report,L1
rvlcdip_01374,imagesq/q/o/e/qoe22f00/09005748.tif,rvlcdip_01374.tif,10,budget,L3
rvlcdip_01375,imagesd/d/i/q/diq85a00/530599565+-9570.tif,rvlcdip_01375.tif,2,email,L2
rvlcdip_01376,imagesb/b/e/a/bea78e00/2023414233.tif,rvlcdip_01376.tif,0,letter,L2
rvlcdip_01377,imagesu/u/c/m/ucm43e00/2026307808.tif,rvlcdip_01377.tif,8,file_folder,L1
rvlcdip_01378,imagesg/g/z/j/gzj90a00/0060022012.tif,rvlcdip_01378.tif,8,file_folder,L1
rvlcdip_01379,imagest/t/h/x/thx21d00/516024213+-4214.tif,rvlcdip_01379.tif,0,letter,L2
rvlcdip_01380,imagesw/w/f/z/wfz37d00/2070384676.tif,rvlcdip_01380.tif,8,file_folder,L1
rvlcdip_01381,imagesw/w/e/x/wex82d00/516523023_516523026.tif,rvlcdip_01381.tif,1,form,L4
rvlcdip_01382,imagesd/d/k/l/dkl50c00/ti31689164.tif,rvlcdip_01382.tif,11,invoice,L3
rvlcdip_01383,imagesv/v/y/y/vyy18d00/1001525923_5926.tif,rvlcdip_01383.tif,5,scientific_report,L1
rvlcdip_01384,imagesf/f/t/r/ftr71a00/2057457063_2057457064.tif,rvlcdip_01384.tif,7,specification,L4
rvlcdip_01385,imagesk/k/h/s/khs90e00/91515242.tif,rvlcdip_01385.tif,11,invoice,L3
rvlcdip_01386,imagesb/b/e/z/bez74d00/506246206_506246222.tif,rvlcdip_01386.tif,11,invoice,L3
rvlcdip_01387,imagesa/a/g/u/agu02e00/2028723498.tif,rvlcdip_01387.tif,11,invoice,L3
rvlcdip_01388,imagesn/n/r/k/nrk49e00/2501153367.tif,rvlcdip_01388.tif,8,file_folder,L1
rvlcdip_01389,imagese/e/s/m/esm02e00/2028822679.tif,rvlcdip_01389.tif,1,form,L4
rvlcdip_01390,imagesi/i/v/z/ivz27e00/2028880396.tif,rvlcdip_01390.tif,1,form,L4
rvlcdip_01391,imagesk/k/g/d/kgd83c00/2041158379.tif,rvlcdip_01391.tif,11,invoice,L3
rvlcdip_01392,imagesf/f/z/m/fzm92a00/519850610+-0617.tif,rvlcdip_01392.tif,0,letter,L2
rvlcdip_01393,imagest/t/r/l/trl07d00/tnwl0033925.tif,rvlcdip_01393.tif,10,budget,L3
rvlcdip_01394,imagesx/x/w/v/xwv16e00/2054615342_2054615343.tif,rvlcdip_01394.tif,15,memo,L2
rvlcdip_01395,imagesp/p/d/x/pdx71a00/2057471622_2057471625.tif,rvlcdip_01395.tif,7,specification,L4
rvlcdip_01396,imagesp/p/z/u/pzu71a00/2057467717_2057467718.tif,rvlcdip_01396.tif,7,specification,L4
rvlcdip_01397,imagesk/k/s/q/ksq54e00/1000848695_1000848697.tif,rvlcdip_01397.tif,5,scientific_report,L1
rvlcdip_01398,imagesb/b/z/x/bzx56d00/522790291+-0293.tif,rvlcdip_01398.tif,1,form,L4
rvlcdip_01399,imagesl/l/i/k/lik30f00/0012285806.tif,rvlcdip_01399.tif,15,memo,L2
rvlcdip_01400,imagesk/k/d/g/kdg91c00/2078718823e.tif,rvlcdip_01400.tif,2,email,L2
rvlcdip_01401,imagesg/g/p/m/gpm69e00/2026003527.tif,rvlcdip_01401.tif,11,invoice,L3
rvlcdip_01402,imagesu/u/b/p/ubp26d00/50640846-0846.tif,rvlcdip_01402.tif,6,scientific_publication,L1
rvlcdip_01403,imagesw/w/d/g/wdg87c00/506708313+-8314.tif,rvlcdip_01403.tif,0,letter,L2
rvlcdip_01404,imagesr/r/u/c/ruc35f00/0060085156.tif,rvlcdip_01404.tif,11,invoice,L3
rvlcdip_01405,imagesz/z/l/y/zly36d00/50650558-0558.tif,rvlcdip_01405.tif,6,scientific_publication,L1
rvlcdip_01406,imagesd/d/q/p/dqp22d00/2502146148_6153.tif,rvlcdip_01406.tif,5,scientific_report,L1
rvlcdip_01407,imagesa/a/h/t/aht94d00/505832465_505832466.tif,rvlcdip_01407.tif,0,letter,L2
rvlcdip_01408,imagese/e/a/s/eas29c00/2505414404.tif,rvlcdip_01408.tif,1,form,L4
rvlcdip_01409,imagesx/x/s/l/xsl82a00/527928731+-8731.tif,rvlcdip_01409.tif,2,email,L2
rvlcdip_01410,imagesk/k/m/q/kmq18e00/1002352409.tif,rvlcdip_01410.tif,1,form,L4
rvlcdip_01411,imagesm/m/s/d/msd87d00/2076416921.tif,rvlcdip_01411.tif,2,email,L2
rvlcdip_01412,imagesc/c/h/r/chr87d00/2063767679_7692.tif,rvlcdip_01412.tif,10,budget,L3
rvlcdip_01413,imagesb/b/i/a/bia09e00/2029370460.tif,rvlcdip_01413.tif,11,invoice,L3
rvlcdip_01414,imagesj/j/c/a/jca86d00/ti16400455.tif,rvlcdip_01414.tif,11,invoice,L3
rvlcdip_01415,imagesc/c/m/o/cmo60e00/93475522_93475523.tif,rvlcdip_01415.tif,10,budget,L3
rvlcdip_01416,imagesr/r/n/g/rng96e00/2057668587.tif,rvlcdip_01416.tif,7,specification,L4
rvlcdip_01417,imagesh/h/a/e/hae21e00/87104008.tif,rvlcdip_01417.tif,11,invoice,L3
rvlcdip_01418,imagesa/a/p/f/apf93c00/91925736.tif,rvlcdip_01418.tif,10,budget,L3
rvlcdip_01419,imagesx/x/u/i/xui00c00/2085115680.tif,rvlcdip_01419.tif,2,email,L2
rvlcdip_01420,imagesj/j/k/u/jku05e00/2041718627.tif,rvlcdip_01420.tif,10,budget,L3
rvlcdip_01421,imagest/t/j/i/tji08d00/2071567247_7251.tif,rvlcdip_01421.tif,10,budget,L3
rvlcdip_01422,imageso/o/b/c/obc85c00/2077189488.tif,rvlcdip_01422.tif,1,form,L4
rvlcdip_01423,imagesa/a/w/n/awn41c00/2085764406d.tif,rvlcdip_01423.tif,2,email,L2
rvlcdip_01424,imagesf/f/y/f/fyf19c00/2078585063.tif,rvlcdip_01424.tif,2,email,L2
rvlcdip_01425,imagesl/l/h/j/lhj05e00/2040788047.tif,rvlcdip_01425.tif,10,budget,L3
rvlcdip_01426,imagesi/i/j/n/ijn56e00/2028457525_2028457526.tif,rvlcdip_01426.tif,6,scientific_publication,L1
rvlcdip_01427,imagesc/c/u/t/cut76e00/2060175534_2060175535.tif,rvlcdip_01427.tif,1,form,L4
rvlcdip_01428,imagesg/g/y/e/gye99c00/40017192-7192.tif,rvlcdip_01428.tif,5,scientific_report,L1
rvlcdip_01429,imagesm/m/f/k/mfk65d00/504565268.tif,rvlcdip_01429.tif,7,specification,L4
rvlcdip_01430,imagesm/m/m/w/mmw79c00/50239421-9422.tif,rvlcdip_01430.tif,15,memo,L2
rvlcdip_01431,imageso/o/n/m/onm82c00/2078864632b_4633.tif,rvlcdip_01431.tif,2,email,L2
rvlcdip_01432,imagesx/x/h/w/xhw65c00/2081388119.tif,rvlcdip_01432.tif,2,email,L2
rvlcdip_01433,imagesu/u/m/b/umb33e00/2022908532.tif,rvlcdip_01433.tif,5,scientific_report,L1
rvlcdip_01434,imagesm/m/e/c/mec71c00/2084080554_0555.tif,rvlcdip_01434.tif,1,form,L4
rvlcdip_01435,imagesn/n/o/c/noc86d00/ti16352426.tif,rvlcdip_01435.tif,10,budget,L3
rvlcdip_01436,imagesw/w/i/u/wiu85f00/0060063044.tif,rvlcdip_01436.tif,8,file_folder,L1
rvlcdip_01437,imagesx/x/o/r/xor05c00/2084340812.tif,rvlcdip_01437.tif,8,file_folder,L1
rvlcdip_01438,imagesf/f/b/v/fbv16e00/2054599373.tif,rvlcdip_01438.tif,1,form,L4
rvlcdip_01439,imagesy/y/u/c/yuc41a00/0012943918.tif,rvlcdip_01439.tif,0,letter,L2
rvlcdip_01440,imagesk/k/d/d/kdd12e00/2028713093.tif,rvlcdip_01440.tif,11,invoice,L3
rvlcdip_01441,imagest/t/f/z/tfz34f00/0060304243.tif,rvlcdip_01441.tif,0,letter,L2
rvlcdip_01442,imagesq/q/j/f/qjf67d00/2076913183_3187.tif,rvlcdip_01442.tif,5,scientific_report,L1
rvlcdip_01443,imagest/t/m/i/tmi17e00/2031316869.tif,rvlcdip_01443.tif,7,specification,L4
rvlcdip_01444,imagesr/r/a/e/rae05f00/0060184929.tif,rvlcdip_01444.tif,15,memo,L2
rvlcdip_01445,imagesj/j/y/t/jyt24f00/0000093914.tif,rvlcdip_01445.tif,8,file_folder,L1
rvlcdip_01446,imagese/e/b/n/ebn12e00/2028690989.tif,rvlcdip_01446.tif,11,invoice,L3
rvlcdip_01447,imagesu/u/v/a/uva93c00/2057800599.tif,rvlcdip_01447.tif,11,invoice,L3
rvlcdip_01448,imagesr/r/d/h/rdh55c00/2075707899a.tif,rvlcdip_01448.tif,2,email,L2
rvlcdip_01449,imagesp/p/p/s/pps14c00/2069719980.tif,rvlcdip_01449.tif,7,specification,L4
rvlcdip_01450,imagesu/u/a/y/uay25f00/0060038243.tif,rvlcdip_01450.tif,0,letter,L2
rvlcdip_01451,imagesa/a/i/l/ail07d00/tnwl0034448.tif,rvlcdip_01451.tif,10,budget,L3
rvlcdip_01452,imagesf/f/s/w/fsw30e00/87167052_87167145.tif,rvlcdip_01452.tif,5,scientific_report,L1
rvlcdip_01453,imagesy/y/a/l/yal27e00/2028728718.tif,rvlcdip_01453.tif,11,invoice,L3
rvlcdip_01454,imagese/e/k/m/ekm76c00/2077006816_6821.tif,rvlcdip_01454.tif,10,budget,L3
rvlcdip_01455,imagesi/i/b/i/ibi06d00/50503096-3096.tif,rvlcdip_01455.tif,6,scientific_publication,L1
rvlcdip_01456,imagese/e/q/o/eqo60c00/2075371940.tif,rvlcdip_01456.tif,7,specification,L4
rvlcdip_01457,imagesf/f/s/y/fsy73d00/509179742.tif,rvlcdip_01457.tif,1,form,L4
rvlcdip_01458,imagesv/v/x/j/vxj91e00/00920262.tif,rvlcdip_01458.tif,11,invoice,L3
rvlcdip_01459,imagesu/u/t/a/uta49e00/2501634701.tif,rvlcdip_01459.tif,6,scientific_publication,L1
rvlcdip_01460,imagesk/k/s/z/ksz17e00/2028690731.tif,rvlcdip_01460.tif,11,invoice,L3
rvlcdip_01461,imagesv/v/m/v/vmv33f00/0000730911.tif,rvlcdip_01461.tif,5,scientific_report,L1
rvlcdip_01462,imagesy/y/c/r/ycr71c00/2086078072.tif,rvlcdip_01462.tif,1,form,L4
rvlcdip_01463,imageso/o/o/y/ooy15e00/2026504476.tif,rvlcdip_01463.tif,11,invoice,L3
rvlcdip_01464,imageso/o/z/m/ozm90a00/0060013262.tif,rvlcdip_01464.tif,15,memo,L2
rvlcdip_01465,imagesv/v/v/d/vvd40e00/87670240.tif,rvlcdip_01465.tif,1,form,L4
rvlcdip_01466,imageso/o/t/j/otj84a00/2085797846d_7847.tif,rvlcdip_01466.tif,2,email,L2
rvlcdip_01467,imagesz/z/o/e/zoe87d00/2078609598.tif,rvlcdip_01467.tif,2,email,L2
rvlcdip_01468,imagesf/f/t/t/ftt00e00/80701184.tif,rvlcdip_01468.tif,11,invoice,L3
rvlcdip_01469,imagesz/z/m/x/zmx58c00/00846428_6443.tif,rvlcdip_01469.tif,5,scientific_report,L1
rvlcdip_01470,imagesm/m/j/t/mjt8aa00/50062804.tif,rvlcdip_01470.tif,15,memo,L2
rvlcdip_01471,imagesz/z/i/c/zic91e00/01409500.tif,rvlcdip_01471.tif,10,budget,L3
rvlcdip_01472,imagesm/m/j/m/mjm65d00/504549024.tif,rvlcdip_01472.tif,7,specification,L4
rvlcdip_01473,imagesi/i/n/j/inj43a00/87285538.tif,rvlcdip_01473.tif,11,invoice,L3
rvlcdip_01474,imagesv/v/l/o/vlo70a00/0060140385.tif,rvlcdip_01474.tif,0,letter,L2
rvlcdip_01475,imagesi/i/d/z/idz80f00/0011902806.tif,rvlcdip_01475.tif,11,invoice,L3
rvlcdip_01476,imagesa/a/c/v/acv12c00/2085219329b.tif,rvlcdip_01476.tif,2,email,L2
rvlcdip_01477,imagesj/j/i/v/jiv44f00/0060335071.tif,rvlcdip_01477.tif,0,letter,L2
rvlcdip_01478,imagesc/c/r/n/crn24c00/2069710096.tif,rvlcdip_01478.tif,7,specification,L4
rvlcdip_01479,imageso/o/b/g/obg41c00/2085757395b.tif,rvlcdip_01479.tif,2,email,L2
rvlcdip_01480,imagesn/n/s/n/nsn47e00/2030390791_2030390792.tif,rvlcdip_01480.tif,0,letter,L2
rvlcdip_01481,imagesv/v/t/w/vtw66c00/2078879529a.tif,rvlcdip_01481.tif,2,email,L2
rvlcdip_01482,imagesu/u/t/d/utd95a00/500138834+-8834.tif,rvlcdip_01482.tif,0,letter,L2
rvlcdip_01483,imagesw/w/f/q/wfq01e00/86017464.tif,rvlcdip_01483.tif,10,budget,L3
rvlcdip_01484,imagesz/z/v/p/zvp75c00/2078299421.tif,rvlcdip_01484.tif,2,email,L2
rvlcdip_01485,imagest/t/x/a/txa59c00/PUBLICATIONS005657-5.tif,rvlcdip_01485.tif,6,scientific_publication,L1
rvlcdip_01486,imageso/o/k/y/oky10c00/2085550410.tif,rvlcdip_01486.tif,2,email,L2
rvlcdip_01487,imagesv/v/b/u/vbu90e00/88899183_88899185.tif,rvlcdip_01487.tif,15,memo,L2
rvlcdip_01488,imagesj/j/f/o/jfo46c00/2082066647a.tif,rvlcdip_01488.tif,2,email,L2
rvlcdip_01489,imagesh/h/q/b/hqb85c00/2077358897_8899.tif,rvlcdip_01489.tif,10,budget,L3
rvlcdip_01490,imagest/t/h/i/thi64e00/1001509763.tif,rvlcdip_01490.tif,15,memo,L2
rvlcdip_01491,imagesg/g/v/x/gvx10f00/0001013513.tif,rvlcdip_01491.tif,5,scientific_report,L1
rvlcdip_01492,imagesm/m/n/s/mns90e00/91515086.tif,rvlcdip_01492.tif,11,invoice,L3
rvlcdip_01493,imagesp/p/z/h/pzh72c00/2078269122.tif,rvlcdip_01493.tif,15,memo,L2
rvlcdip_01494,imagesq/q/i/b/qib47d00/2070379264.tif,rvlcdip_01494.tif,1,form,L4
rvlcdip_01495,imagese/e/x/w/exw74e00/2015041956.tif,rvlcdip_01495.tif,11,invoice,L3
rvlcdip_01496,imagese/e/j/h/ejh44c00/86652335.tif,rvlcdip_01496.tif,10,budget,L3
rvlcdip_01497,imagesy/y/h/r/yhr82c00/2078876373.tif,rvlcdip_01497.tif,2,email,L2
rvlcdip_01498,imagese/e/u/j/euj05e00/2040700280.tif,rvlcdip_01498.tif,8,file_folder,L1
rvlcdip_01499,imagesl/l/n/o/lno93f00/0000534291.tif,rvlcdip_01499.tif,11,invoice,L3
rvlcdip_01500,imagesz/z/v/c/zvc19e00/2058163927.tif,rvlcdip_01500.tif,10,budget,L3
rvlcdip_01501,imagesq/q/g/a/qga11d00/515324103+-4105.tif,rvlcdip_01501.tif,0,letter,L2
rvlcdip_01502,imagesc/c/n/b/cnb56d00/70057713-7713.tif,rvlcdip_01502.tif,0,letter,L2
rvlcdip_01503,imagesp/p/e/z/pez09e00/2500000416.tif,rvlcdip_01503.tif,8,file_folder,L1
rvlcdip_01504,imagesq/q/u/l/qul36e00/2056698588.tif,rvlcdip_01504.tif,5,scientific_report,L1
rvlcdip_01505,imagesp/p/l/z/plz34d00/506913258.tif,rvlcdip_01505.tif,0,letter,L2
rvlcdip_01506,imagesn/n/a/c/nac86d00/ti16370244.tif,rvlcdip_01506.tif,11,invoice,L3
rvlcdip_01507,imagesc/c/z/n/czn70d00/522548834+-8834.tif,rvlcdip_01507.tif,0,letter,L2
rvlcdip_01508,imagesr/r/x/w/rxw81e00/01345785.tif,rvlcdip_01508.tif,0,letter,L2
rvlcdip_01509,imagesc/c/y/x/cyx44d00/506623335.tif,rvlcdip_01509.tif,0,letter,L2
rvlcdip_01510,imagesu/u/f/f/uff75c00/2069717593.tif,rvlcdip_01510.tif,7,specification,L4
rvlcdip_01511,imagesk/k/y/i/kyi90e00/88975531.tif,rvlcdip_01511.tif,0,letter,L2
rvlcdip_01512,imagesl/l/w/j/lwj11e00/87064756.tif,rvlcdip_01512.tif,11,invoice,L3
rvlcdip_01513,imagesa/a/f/x/afx31c00/2085726735a.tif,rvlcdip_01513.tif,2,email,L2
rvlcdip_01514,imagesa/a/b/c/abc96d00/tcal0414284.tif,rvlcdip_01514.tif,10,budget,L3
rvlcdip_01515,imagesq/q/p/a/qpa45e00/2040962530_2040962531.tif,rvlcdip_01515.tif,10,budget,L3
rvlcdip_01516,imagesm/m/m/m/mmm20a00/10156584.tif,rvlcdip_01516.tif,15,memo,L2
rvlcdip_01517,imagesa/a/o/o/aoo93f00/0000534306.tif,rvlcdip_01517.tif,11,invoice,L3
rvlcdip_01518,imagesg/g/a/m/gam03a00/518456229+-6233.tif,rvlcdip_01518.tif,0,letter,L2
rvlcdip_01519,imagesk/k/l/r/klr88e00/2023664911.tif,rvlcdip_01519.tif,0,letter,L2
rvlcdip_01520,imageso/o/j/x/ojx48d00/2063161888_1889.tif,rvlcdip_01520.tif,10,budget,L3
rvlcdip_01521,imagesd/d/i/n/din23d00/513082985.tif,rvlcdip_01521.tif,7,specification,L4
rvlcdip_01522,imagesj/j/j/g/jjg52f00/tob13312.39_tob13312.40.tif,rvlcdip_01522.tif,0,letter,L2
rvlcdip_01523,imagesc/c/k/h/ckh93c00/2060926580_6585.tif,rvlcdip_01523.tif,5,scientific_report,L1
rvlcdip_01524,imagesn/n/k/f/nkf82f00/tob08105.53.tif,rvlcdip_01524.tif,10,budget,L3
rvlcdip_01525,imagesc/c/c/a/cca20f00/0030041244.tif,rvlcdip_01525.tif,1,form,L4
rvlcdip_01526,imagesq/q/m/e/qme09d00/50431140-1148.tif,rvlcdip_01526.tif,6,scientific_publication,L1
rvlcdip_01527,imagest/t/y/z/tyz23d00/512802474.tif,rvlcdip_01527.tif,1,form,L4
rvlcdip_01528,imagesd/d/p/u/dpu87d00/2078613365_3385.tif,rvlcdip_01528.tif,5,scientific_report,L1
rvlcdip_01529,imagesv/v/l/a/vla54c00/80703634.tif,rvlcdip_01529.tif,11,invoice,L3
rvlcdip_01530,imagesl/l/f/f/lff42f00/94008156.tif,rvlcdip_01530.tif,10,budget,L3
rvlcdip_01531,imagesv/v/x/e/vxe87c00/506619075+-9077.tif,rvlcdip_01531.tif,0,letter,L2
rvlcdip_01532,imagesw/w/t/a/wta63d00/510600598.tif,rvlcdip_01532.tif,1,form,L4
rvlcdip_01533,imagese/e/o/b/eob20c00/2085781451c.tif,rvlcdip_01533.tif,2,email,L2
rvlcdip_01534,imagesk/k/w/f/kwf33e00/2063123731.tif,rvlcdip_01534.tif,1,form,L4
rvlcdip_01535,imageso/o/a/n/oan50e00/92738491_92738492.tif,rvlcdip_01535.tif,10,budget,L3
rvlcdip_01536,imagesb/b/b/y/bby00f00/0000453055.tif,rvlcdip_01536.tif,10,budget,L3
rvlcdip_01537,imagesh/h/p/l/hpl91e00/00904125.tif,rvlcdip_01537.tif,0,letter,L2
rvlcdip_01538,imagese/e/i/a/eia53e00/2062035111_2062035120.tif,rvlcdip_01538.tif,5,scientific_report,L1
rvlcdip_01539,imagese/e/y/l/eyl63e00/2030084316.tif,rvlcdip_01539.tif,8,file_folder,L1
rvlcdip_01540,imagesr/r/l/t/rlt56e00/2028619428_2028619430.tif,rvlcdip_01540.tif,5,scientific_report,L1
rvlcdip_01541,imagesa/a/t/p/atp00d00/50341360-1360.tif,rvlcdip_01541.tif,6,scientific_publication,L1
rvlcdip_01542,imagesd/d/u/b/dub61e00/00556516.tif,rvlcdip_01542.tif,0,letter,L2
rvlcdip_01543,imagesi/i/b/l/ibl63d00/510171509.tif,rvlcdip_01543.tif,7,specification,L4
rvlcdip_01544,imageso/o/c/i/oci85a00/531488877+-8880.tif,rvlcdip_01544.tif,2,email,L2
rvlcdip_01545,imagesr/r/p/q/rpq14c00/2069720824.tif,rvlcdip_01545.tif,7,specification,L4
rvlcdip_01546,imagesx/x/s/u/xsu61a00/2056698202_2056698203.tif,rvlcdip_01546.tif,5,scientific_report,L1
rvlcdip_01547,imagest/t/p/g/tpg98c00/87425335_5337.tif,rvlcdip_01547.tif,5,scientific_report,L1
rvlcdip_01548,imagesz/z/f/q/zfq06d00/50519508-9511.tif,rvlcdip_01548.tif,6,scientific_publication,L1
rvlcdip_01549,imagesm/m/h/p/mhp65d00/504506054.tif,rvlcdip_01549.tif,7,specification,L4
rvlcdip_01550,imagesr/r/a/m/ram4aa00/10392562.tif,rvlcdip_01550.tif,8,file_folder,L1
rvlcdip_01551,imagesq/q/q/l/qql61a00/2051530493_2051530494.tif,rvlcdip_01551.tif,7,specification,L4
rvlcdip_01552,imagesc/c/g/t/cgt90e00/91514562.tif,rvlcdip_01552.tif,11,invoice,L3
rvlcdip_01553,imagesm/m/o/n/mon85a00/530976914+-6915.tif,rvlcdip_01553.tif,2,email,L2
rvlcdip_01554,imagest/t/n/m/tnm61e00/01307078_01307085.tif,rvlcdip_01554.tif,15,memo,L2
rvlcdip_01555,imagesf/f/y/b/fyb34f00/0060246161.tif,rvlcdip_01555.tif,15,memo,L2
rvlcdip_01556,imagesa/a/r/z/arz30c00/ti08670559.tif,rvlcdip_01556.tif,11,invoice,L3
rvlcdip_01557,imagesy/y/j/d/yjd86d00/ti16351824_1828.tif,rvlcdip_01557.tif,10,budget,L3
rvlcdip_01558,imagesj/j/b/h/jbh7aa00/50021091.tif,rvlcdip_01558.tif,0,letter,L2
rvlcdip_01559,imagesy/y/v/q/yvq31d00/501737294+-7294.tif,rvlcdip_01559.tif,11,invoice,L3
rvlcdip_01560,imagesq/q/i/p/qip22c00/2069732580.tif,rvlcdip_01560.tif,7,specification,L4
rvlcdip_01561,imagesg/g/c/r/gcr65f00/0060033270.tif,rvlcdip_01561.tif,15,memo,L2
rvlcdip_01562,imageso/o/n/h/onh87e00/2048548580.tif,rvlcdip_01562.tif,1,form,L4
rvlcdip_01563,imagesc/c/k/c/ckc00e00/89001843.tif,rvlcdip_01563.tif,11,invoice,L3
rvlcdip_01564,imagesd/d/b/x/dbx29e00/2501422376.tif,rvlcdip_01564.tif,1,form,L4
rvlcdip_01565,imagesz/z/v/p/zvp90d00/518240975+-0980.tif,rvlcdip_01565.tif,11,invoice,L3
rvlcdip_01566,imagesx/x/s/d/xsd26c00/2083183012b.tif,rvlcdip_01566.tif,2,email,L2
rvlcdip_01567,imagese/e/k/r/ekr42e00/2029377248.tif,rvlcdip_01567.tif,11,invoice,L3
rvlcdip_01568,imagesv/v/l/r/vlr42e00/2029378128.tif,rvlcdip_01568.tif,11,invoice,L3
rvlcdip_01569,imagesz/z/o/t/zot24c00/96148535_8536.tif,rvlcdip_01569.tif,11,invoice,L3
rvlcdip_01570,imagesy/y/v/d/yvd42f00/11003854_11003873.tif,rvlcdip_01570.tif,10,budget,L3
rvlcdip_01571,imagesb/b/x/y/bxy22c00/2069739727.tif,rvlcdip_01571.tif,7,specification,L4
rvlcdip_01572,imagesx/x/t/c/xtc37e00/2028999916_2028999917.tif,rvlcdip_01572.tif,0,letter,L2
rvlcdip_01573,imagesf/f/l/e/fle49e00/2061679383.tif,rvlcdip_01573.tif,1,form,L4
rvlcdip_01574,imageso/o/j/r/ojr65a00/528862810+-2811.tif,rvlcdip_01574.tif,2,email,L2
rvlcdip_01575,imagest/t/p/m/tpm26d00/50617890-7890.tif,rvlcdip_01575.tif,8,file_folder,L1
rvlcdip_01576,imagesi/i/z/b/izb71a00/2057413998.tif,rvlcdip_01576.tif,7,specification,L4
rvlcdip_01577,imagesi/i/k/a/ika02c00/2080724924b.tif,rvlcdip_01577.tif,2,email,L2
rvlcdip_01578,imagesc/c/l/v/clv40c00/ti16810124.tif,rvlcdip_01578.tif,10,budget,L3
rvlcdip_01579,imagesw/w/s/t/wst07d00/tnwl0021258.tif,rvlcdip_01579.tif,10,budget,L3
rvlcdip_01580,imagesv/v/f/q/vfq07e00/2050240413.tif,rvlcdip_01580.tif,6,scientific_publication,L1
rvlcdip_01581,imagesq/q/b/p/qbp07d00/tnwl0028140.tif,rvlcdip_01581.tif,10,budget,L3
rvlcdip_01582,imagesv/v/q/h/vqh57e00/2030801323.tif,rvlcdip_01582.tif,1,form,L4
rvlcdip_01583,imagesh/h/l/p/hlp73e00/2029225560.tif,rvlcdip_01583.tif,8,file_folder,L1
rvlcdip_01584,imagest/t/d/y/tdy43e00/2062060363_2062060373.tif,rvlcdip_01584.tif,5,scientific_report,L1
rvlcdip_01585,imagesk/k/v/j/kvj21f00/0001465507.tif,rvlcdip_01585.tif,5,scientific_report,L1
rvlcdip_01586,imagesa/a/a/e/aae23d00/513262200_513262208.tif,rvlcdip_01586.tif,11,invoice,L3
rvlcdip_01587,imagesc/c/v/w/cvw72e00/2041244658.tif,rvlcdip_01587.tif,8,file_folder,L1
rvlcdip_01588,imagesq/q/l/r/qlr79e00/2024440800.tif,rvlcdip_01588.tif,5,scientific_report,L1
rvlcdip_01589,imagese/e/i/j/eij82f00/tob07801.51.tif,rvlcdip_01589.tif,10,budget,L3
rvlcdip_01590,imagesl/l/z/k/lzk34c00/96419300.tif,rvlcdip_01590.tif,11,invoice,L3
rvlcdip_01591,imagesf/f/g/k/fgk02e00/2028830968.tif,rvlcdip_01591.tif,1,form,L4
rvlcdip_01592,imagesx/x/b/v/xbv30d00/580091956+-1956.tif,rvlcdip_01592.tif,0,letter,L2
rvlcdip_01593,imagesi/i/e/m/iem59c00/PUBLICATIONS0052718-.tif,rvlcdip_01593.tif,6,scientific_publication,L1
rvlcdip_01594,imagesg/g/f/r/gfr64d00/98597384_7385.tif,rvlcdip_01594.tif,11,invoice,L3
rvlcdip_01595,imagesm/m/i/d/mid27e00/2028710222.tif,rvlcdip_01595.tif,11,invoice,L3
rvlcdip_01596,imagesj/j/i/i/jii28e00/1003635773.tif,rvlcdip_01596.tif,15,memo,L2
rvlcdip_01597,imagesk/k/a/r/kar41c00/2085768435.tif,rvlcdip_01597.tif,2,email,L2
rvlcdip_01598,imagesn/n/b/n/nbn17e00/2031321564.tif,rvlcdip_01598.tif,7,specification,L4
rvlcdip_01599,imagesa/a/o/j/aoj44c00/87065868_5869.tif,rvlcdip_01599.tif,11,invoice,L3
rvlcdip_01600,imagesu/u/j/h/ujh09e00/2055054798.tif,rvlcdip_01600.tif,5,scientific_report,L1
rvlcdip_01601,imagesp/p/a/x/pax8aa00/50068421_50068422.tif,rvlcdip_01601.tif,0,letter,L2
rvlcdip_01602,imagesw/w/w/r/wwr15a00/528471198+-1202.tif,rvlcdip_01602.tif,2,email,L2
rvlcdip_01603,imagesn/n/v/l/nvl20d00/508864565+-4565.tif,rvlcdip_01603.tif,11,invoice,L3
rvlcdip_01604,imagese/e/w/p/ewp13a00/504422362+-2363.tif,rvlcdip_01604.tif,0,letter,L2
rvlcdip_01605,imageso/o/l/e/ole42d00/2024681569.tif,rvlcdip_01605.tif,1,form,L4
rvlcdip_01606,imagesr/r/m/c/rmc12e00/2028713666.tif,rvlcdip_01606.tif,11,invoice,L3
rvlcdip_01607,imagesh/h/e/y/hey29e00/2501376224.tif,rvlcdip_01607.tif,6,scientific_publication,L1
rvlcdip_01608,imagesg/g/h/q/ghq45e00/2051252506.tif,rvlcdip_01608.tif,10,budget,L3
rvlcdip_01609,imagesy/y/a/l/yal05e00/2040786616.tif,rvlcdip_01609.tif,10,budget,L3
rvlcdip_01610,imagesl/l/e/u/leu39d00/501522158.tif,rvlcdip_01610.tif,0,letter,L2
rvlcdip_01611,imagesx/x/j/n/xjn19d00/502273941.tif,rvlcdip_01611.tif,0,letter,L2
rvlcdip_01612,imagesv/v/m/o/vmo30e00/87513574.tif,rvlcdip_01612.tif,5,scientific_report,L1
rvlcdip_01613,imagesg/g/p/g/gpg71e00/03672322_03672371.tif,rvlcdip_01613.tif,10,budget,L3
rvlcdip_01614,imagesb/b/r/v/brv24d00/507413292.tif,rvlcdip_01614.tif,1,form,L4
rvlcdip_01615,imagesf/f/a/h/fah44e00/2021642996.tif,rvlcdip_01615.tif,5,scientific_report,L1
rvlcdip_01616,imagesr/r/y/q/ryq99e00/0000378563.tif,rvlcdip_01616.tif,10,budget,L3
rvlcdip_01617,imagesc/c/h/n/chn05e00/2040790714.tif,rvlcdip_01617.tif,8,file_folder,L1
rvlcdip_01618,imagesx/x/h/a/xha71a00/2057410749_2057410750.tif,rvlcdip_01618.tif,7,specification,L4
rvlcdip_01619,imagesn/n/y/a/nya17e00/2031308738.tif,rvlcdip_01619.tif,7,specification,L4
rvlcdip_01620,imagesk/k/e/b/keb42c00/2072416710.tif,rvlcdip_01620.tif,15,memo,L2
rvlcdip_01621,imagesv/v/p/k/vpk55e00/2045467452.tif,rvlcdip_01621.tif,10,budget,L3
rvlcdip_01622,imagesw/w/h/y/why00a00/10327250_10327255.tif,rvlcdip_01622.tif,6,scientific_publication,L1
rvlcdip_01623,imagesu/u/w/o/uwo14f00/0000113779.tif,rvlcdip_01623.tif,11,invoice,L3
rvlcdip_01624,imagesp/p/r/x/prx98d00/50416799-6818.tif,rvlcdip_01624.tif,5,scientific_report,L1
rvlcdip_01625,imagesi/i/m/x/imx07e00/2031301461.tif,rvlcdip_01625.tif,7,specification,L4
rvlcdip_01626,imagesm/m/u/x/mux03e00/2043928593.tif,rvlcdip_01626.tif,8,file_folder,L1
rvlcdip_01627,imagesc/c/m/b/cmb54a00/93200026_0034.tif,rvlcdip_01627.tif,15,memo,L2
rvlcdip_01628,imagesx/x/f/o/xfo65a00/529211475+-1479.tif,rvlcdip_01628.tif,2,email,L2
rvlcdip_01629,imagesf/f/k/j/fkj58c00/93416581.tif,rvlcdip_01629.tif,11,invoice,L3
rvlcdip_01630,imagesv/v/e/p/vep23d00/513009937_513009941.tif,rvlcdip_01630.tif,7,specification,L4
rvlcdip_01631,imagesq/q/t/a/qta05d00/506067671_506067673.tif,rvlcdip_01631.tif,7,specification,L4
rvlcdip_01632,imagesw/w/j/l/wjl22f00/11007971.tif,rvlcdip_01632.tif,10,budget,L3
rvlcdip_01633,imagesf/f/c/e/fce59c00/PUBLICATIONS026184-6.tif,rvlcdip_01633.tif,6,scientific_publication,L1
rvlcdip_01634,imagesh/h/k/s/hks32e00/2501209240-c.tif,rvlcdip_01634.tif,8,file_folder,L1
rvlcdip_01635,imagesz/z/t/o/zto47d00/2065200969.tif,rvlcdip_01635.tif,8,file_folder,L1
rvlcdip_01636,imagest/t/d/l/tdl07d00/tnwl0034652.tif,rvlcdip_01636.tif,10,budget,L3
rvlcdip_01637,imagesk/k/o/h/koh67d00/2051985887_6030.tif,rvlcdip_01637.tif,5,scientific_report,L1
rvlcdip_01638,imagesq/q/y/z/qyz81d00/667808.tif,rvlcdip_01638.tif,15,memo,L2
rvlcdip_01639,imagesy/y/l/q/ylq64a00/03329733ff.tif,rvlcdip_01639.tif,8,file_folder,L1
rvlcdip_01640,imagest/t/j/d/tjd22d00/2060439918_9926.tif,rvlcdip_01640.tif,6,scientific_publication,L1
rvlcdip_01641,imagesj/j/a/u/jau62e00/2060152511_2060152523.tif,rvlcdip_01641.tif,10,budget,L3
rvlcdip_01642,imagesp/p/b/x/pbx59e00/2029048930_2029048937.tif,rvlcdip_01642.tif,5,scientific_report,L1
rvlcdip_01643,imagesi/i/x/k/ixk55e00/2045467592.tif,rvlcdip_01643.tif,10,budget,L3
rvlcdip_01644,imagese/e/t/a/eta22f00/24010442.tif,rvlcdip_01644.tif,10,budget,L3
rvlcdip_01645,imagesx/x/r/g/xrg44c00/87466627_6639.tif,rvlcdip_01645.tif,6,scientific_publication,L1
rvlcdip_01646,imagesz/z/g/u/zgu80c00/2085794002c_4003.tif,rvlcdip_01646.tif,2,email,L2
rvlcdip_01647,imagese/e/k/u/eku13d00/513592364.tif,rvlcdip_01647.tif,1,form,L4
rvlcdip_01648,imagesk/k/t/q/ktq61c00/2083855351.tif,rvlcdip_01648.tif,1,form,L4
rvlcdip_01649,imagesl/l/i/j/lij25c00/2505316516_6522.tif,rvlcdip_01649.tif,6,scientific_publication,L1
rvlcdip_01650,imagesp/p/y/w/pyw02e00/2028716673.tif,rvlcdip_01650.tif,11,invoice,L3
rvlcdip_01651,imagesp/p/r/b/prb50c00/ti17140769.tif,rvlcdip_01651.tif,10,budget,L3
rvlcdip_01652,imagesp/p/k/r/pkr38e00/1000869089.tif,rvlcdip_01652.tif,15,memo,L2
rvlcdip_01653,imagesh/h/a/k/hak33a00/512968808+-8808.tif,rvlcdip_01653.tif,0,letter,L2
rvlcdip_01654,imagesn/n/k/d/nkd83c00/2041159662.tif,rvlcdip_01654.tif,11,invoice,L3
rvlcdip_01655,imageso/o/h/m/ohm32c00/2071023344.tif,rvlcdip_01655.tif,15,memo,L2
rvlcdip_01656,imagesr/r/i/j/rij25c00/2078638654_8655.tif,rvlcdip_01656.tif,5,scientific_report,L1
rvlcdip_01657,imagesa/a/r/h/arh67d00/2055630355_0356.tif,rvlcdip_01657.tif,15,memo,L2
rvlcdip_01658,imagesm/m/a/i/mai34e00/2020347078.tif,rvlcdip_01658.tif,10,budget,L3
rvlcdip_01659,imagesu/u/t/q/utq86e00/2056712932_2056712935.tif,rvlcdip_01659.tif,6,scientific_publication,L1
rvlcdip_01660,imagese/e/e/x/eex18d00/2020157677.tif,rvlcdip_01660.tif,8,file_folder,L1
rvlcdip_01661,imageso/o/s/n/osn60f00/0012189446.tif,rvlcdip_01661.tif,7,specification,L4
rvlcdip_01662,imagesx/x/a/v/xav38e00/1005095405.tif,rvlcdip_01662.tif,15,memo,L2
rvlcdip_01663,imagesy/y/p/d/ypd15c00/2083772263.tif,rvlcdip_01663.tif,8,file_folder,L1
rvlcdip_01664,imagese/e/t/i/eti31e00/85687954.tif,rvlcdip_01664.tif,0,letter,L2
rvlcdip_01665,imagesh/h/i/o/hio22f00/04002763.tif,rvlcdip_01665.tif,10,budget,L3
rvlcdip_01666,imagesv/v/c/i/vci36c00/2078345233.tif,rvlcdip_01666.tif,2,email,L2
rvlcdip_01667,imagesb/b/f/p/bfp22c00/2069732359.tif,rvlcdip_01667.tif,7,specification,L4
rvlcdip_01668,imagesg/g/a/q/gaq37e00/2029026007.tif,rvlcdip_01668.tif,6,scientific_publication,L1
rvlcdip_01669,imagesc/c/s/h/csh68e00/2016006680.tif,rvlcdip_01669.tif,8,file_folder,L1
rvlcdip_01670,imagesp/p/h/x/phx54c00/01131525_1526.tif,rvlcdip_01670.tif,15,memo,L2
rvlcdip_01671,imagesx/x/w/g/xwg55c00/2075710561a.tif,rvlcdip_01671.tif,2,email,L2
rvlcdip_01672,imageso/o/u/a/oua02f00/tob18708.59.tif,rvlcdip_01672.tif,10,budget,L3
rvlcdip_01673,imagesl/l/w/k/lwk25a00/528698468+-8470.tif,rvlcdip_01673.tif,2,email,L2
rvlcdip_01674,imageso/o/j/i/oji05e00/2040882410.tif,rvlcdip_01674.tif,15,memo,L2
rvlcdip_01675,imagesh/h/t/k/htk76e00/2041583856_2041583857.tif,rvlcdip_01675.tif,10,budget,L3
rvlcdip_01676,imagesh/h/e/p/hep18d00/2046039554.tif,rvlcdip_01676.tif,8,file_folder,L1
rvlcdip_01677,imagesm/m/w/q/mwq31c00/2085724283b.tif,rvlcdip_01677.tif,2,email,L2
rvlcdip_01678,imagesy/y/l/e/yle16c00/2071710684.tif,rvlcdip_01678.tif,0,letter,L2
rvlcdip_01679,imagesb/b/c/g/bcg46c00/2070091822.tif,rvlcdip_01679.tif,2,email,L2
rvlcdip_01680,imagesw/w/p/g/wpg15f00/0060167957.tif,rvlcdip_01680.tif,15,memo,L2
rvlcdip_01681,imagest/t/u/x/tux54e00/1000739365.tif,rvlcdip_01681.tif,0,letter,L2
rvlcdip_01682,imagesi/i/z/p/izp21c00/885694.tif,rvlcdip_01682.tif,15,memo,L2
rvlcdip_01683,imagesm/m/y/e/mye22f00/09005365.tif,rvlcdip_01683.tif,10,budget,L3
rvlcdip_01684,imagesx/x/r/b/xrb90c00/2501743836.tif,rvlcdip_01684.tif,6,scientific_publication,L1
rvlcdip_01685,imagesg/g/p/l/gpl42e00/2058193551.tif,rvlcdip_01685.tif,8,file_folder,L1
rvlcdip_01686,imagesx/x/u/y/xuy22c00/2069739783.tif,rvlcdip_01686.tif,7,specification,L4
rvlcdip_01687,imagesg/g/k/v/gkv11e00/87149567_87149570.tif,rvlcdip_01687.tif,11,invoice,L3
rvlcdip_01688,imagesj/j/i/g/jig52d00/2022939065.tif,rvlcdip_01688.tif,5,scientific_report,L1
rvlcdip_01689,imagesk/k/f/m/kfm40f00/0000339706.tif,rvlcdip_01689.tif,10,budget,L3
rvlcdip_01690,imagest/t/h/s/ths53e00/2015020067.tif,rvlcdip_01690.tif,0,letter,L2
rvlcdip_01691,imagesq/q/a/a/qaa22f00/24011010.tif,rvlcdip_01691.tif,10,budget,L3
rvlcdip_01692,imagesb/b/g/j/bgj71a00/2057435601_2057435607.tif,rvlcdip_01692.tif,7,specification,L4
rvlcdip_01693,imagesm/m/s/j/msj11e00/87064994.tif,rvlcdip_01693.tif,11,invoice,L3
rvlcdip_01694,imagesg/g/k/c/gkc06e00/2051411613.tif,rvlcdip_01694.tif,5,scientific_report,L1
rvlcdip_01695,imagesx/x/f/j/xfj31e00/85684762.tif,rvlcdip_01695.tif,8,file_folder,L1
rvlcdip_01696,imagesi/i/o/j/ioj43a00/87285242.tif,rvlcdip_01696.tif,11,invoice,L3
rvlcdip_01697,imagesn/n/z/f/nzf83f00/0001139606.tif,rvlcdip_01697.tif,11,invoice,L3
rvlcdip_01698,imagesi/i/j/z/ijz46d00/50338493-8493.tif,rvlcdip_01698.tif,15,memo,L2
rvlcdip_01699,imagesr/r/e/x/rex34c00/83553656.tif,rvlcdip_01699.tif,11,invoice,L3
rvlcdip_01700,imagesk/k/a/k/kak03e00/2044191467.tif,rvlcdip_01700.tif,10,budget,L3
rvlcdip_01701,imagesj/j/q/q/jqq08c00/527890579+-0579.tif,rvlcdip_01701.tif,2,email,L2
rvlcdip_01702,imagesx/x/s/h/xsh96e00/2057669511.tif,rvlcdip_01702.tif,7,specification,L4
rvlcdip_01703,imagesh/h/f/j/hfj96e00/2057670925.tif,rvlcdip_01703.tif,7,specification,L4
rvlcdip_01704,imagesh/h/m/h/hmh35d00/505033447_505033448.tif,rvlcdip_01704.tif,7,specification,L4
rvlcdip_01705,imagesq/q/x/z/qxz03e00/2060576607.tif,rvlcdip_01705.tif,8,file_folder,L1
rvlcdip_01706,imagesx/x/d/d/xdd11a00/0011850023.tif,rvlcdip_01706.tif,15,memo,L2
rvlcdip_01707,imagesj/j/c/t/jct89c00/50284318-4318.tif,rvlcdip_01707.tif,6,scientific_publication,L1
rvlcdip_01708,imagesq/q/c/a/qca90a00/0060007927.tif,rvlcdip_01708.tif,15,memo,L2
rvlcdip_01709,imagesu/u/d/p/udp43a00/2079139279.tif,rvlcdip_01709.tif,8,file_folder,L1
rvlcdip_01710,imagesd/d/r/z/drz17d00/2075008181.tif,rvlcdip_01710.tif,10,budget,L3
rvlcdip_01711,imagesz/z/i/g/zig89e00/0000049695.tif,rvlcdip_01711.tif,10,budget,L3
rvlcdip_01712,imagesu/u/y/e/uye69e00/2028988266.tif,rvlcdip_01712.tif,6,scientific_publication,L1
rvlcdip_01713,imagesv/v/h/m/vhm22c00/2069730403.tif,rvlcdip_01713.tif,7,specification,L4
rvlcdip_01714,imagesm/m/h/c/mhc82e00/2048400280_2048400287.tif,rvlcdip_01714.tif,10,budget,L3
rvlcdip_01715,imagesg/g/b/g/gbg54e00/1000877006.tif,rvlcdip_01715.tif,5,scientific_report,L1
rvlcdip_01716,imagese/e/k/i/eki32e00/2062100292_2062100293.tif,rvlcdip_01716.tif,0,letter,L2
rvlcdip_01717,imagesm/m/p/j/mpj15a00/528759563+-9565.tif,rvlcdip_01717.tif,2,email,L2
rvlcdip_01718,imagesk/k/b/b/kbb12a00/2022168925_2022168926.tif,rvlcdip_01718.tif,5,scientific_report,L1
rvlcdip_01719,imagesb/b/x/v/bxv98c00/89691404_1406.tif,rvlcdip_01719.tif,10,budget,L3
rvlcdip_01720,imagesz/z/i/i/zii22c00/2085271062.tif,rvlcdip_01720.tif,2,email,L2
rvlcdip_01721,imagesp/p/g/c/pgc86d00/ti16370006.tif,rvlcdip_01721.tif,10,budget,L3
rvlcdip_01722,imagesd/d/c/w/dcw91e00/2029020415.tif,rvlcdip_01722.tif,5,scientific_report,L1
rvlcdip_01723,imagesw/w/y/f/wyf01e00/89449132.tif,rvlcdip_01723.tif,5,scientific_report,L1
rvlcdip_01724,imagesv/v/o/f/vof26e00/2056155261.tif,rvlcdip_01724.tif,5,scientific_report,L1
rvlcdip_01725,imagesf/f/b/n/fbn69c00/50168277-8277.tif,rvlcdip_01725.tif,0,letter,L2
rvlcdip_01726,imagese/e/m/e/eme09d00/50431196-1202.tif,rvlcdip_01726.tif,6,scientific_publication,L1
rvlcdip_01727,imagesd/d/z/n/dzn37d00/2071630269.tif,rvlcdip_01727.tif,8,file_folder,L1
rvlcdip_01728,imagesz/z/m/t/zmt53d00/510801264.tif,rvlcdip_01728.tif,1,form,L4
rvlcdip_01729,imagesg/g/u/a/gua52c00/2074091939.tif,rvlcdip_01729.tif,0,letter,L2
rvlcdip_01730,imagesr/r/e/p/rep37d00/2071350113.tif,rvlcdip_01730.tif,1,form,L4
rvlcdip_01731,imagesz/z/v/k/zvk79e00/2050763100.tif,rvlcdip_01731.tif,11,invoice,L3
rvlcdip_01732,imagesj/j/l/o/jlo59c00/PUBLICATIONS058589-8.tif,rvlcdip_01732.tif,6,scientific_publication,L1
rvlcdip_01733,imagesf/f/e/b/feb19c00/2505592064_2065.tif,rvlcdip_01733.tif,2,email,L2
rvlcdip_01734,imagesk/k/m/e/kme16e00/2044690076.tif,rvlcdip_01734.tif,11,invoice,L3
rvlcdip_01735,imagesy/y/p/i/ypi71c00/2084194489b.tif,rvlcdip_01735.tif,2,email,L2
rvlcdip_01736,imagesk/k/u/c/kuc45d00/2049413444_3445.tif,rvlcdip_01736.tif,10,budget,L3
rvlcdip_01737,imagesl/l/u/a/lua15c00/2073265639.tif,rvlcdip_01737.tif,8,file_folder,L1
rvlcdip_01738,imagesc/c/o/o/coo25e00/2028678395.tif,rvlcdip_01738.tif,15,memo,L2
rvlcdip_01739,imagesj/j/l/j/jlj3aa00/10024420_10024423.tif,rvlcdip_01739.tif,15,memo,L2
rvlcdip_01740,imagesu/u/o/e/uoe59e00/2023188087.tif,rvlcdip_01740.tif,5,scientific_report,L1
rvlcdip_01741,imagesw/w/n/s/wns71c00/2086079216.tif,rvlcdip_01741.tif,1,form,L4
rvlcdip_01742,imagesg/g/n/q/gnq17d00/2074196354.tif,rvlcdip_01742.tif,11,invoice,L3
rvlcdip_01743,imagesp/p/u/q/puq06c00/2054061077_1077a.tif,rvlcdip_01743.tif,15,memo,L2
rvlcdip_01744,imagesm/m/t/l/mtl37d00/2076048118_8121.tif,rvlcdip_01744.tif,10,budget,L3
rvlcdip_01745,imagesk/k/o/g/kog50c00/ti17490822_0830.tif,rvlcdip_01745.tif,10,budget,L3
rvlcdip_01746,imagesi/i/d/z/idz96d00/timo0006340_6341.tif,rvlcdip_01746.tif,10,budget,L3
rvlcdip_01747,imagesf/f/i/t/fit70c00/2078712770.tif,rvlcdip_01747.tif,2,email,L2
rvlcdip_01748,imagest/t/h/l/thl78c00/81641295.tif,rvlcdip_01748.tif,10,budget,L3
rvlcdip_01749,imageso/o/c/r/ocr20a00/10187342_10187348.tif,rvlcdip_01749.tif,6,scientific_publication,L1
rvlcdip_01750,imagesj/j/q/l/jql57c00/2072957956.tif,rvlcdip_01750.tif,11,invoice,L3
rvlcdip_01751,imagesw/w/q/q/wqq96c00/CTRCONTRACTS002251-2.tif,rvlcdip_01751.tif,11,invoice,L3
rvlcdip_01752,imagesn/n/a/x/nax84c00/96194787_4788.tif,rvlcdip_01752.tif,10,budget,L3
rvlcdip_01753,imagesb/b/p/t/bpt55f00/0060136252.tif,rvlcdip_01753.tif,8,file_folder,L1
rvlcdip_01754,imageso/o/g/t/ogt07d00/tnwl0021883.tif,rvlcdip_01754.tif,10,budget,L3
rvlcdip_01755,imagesu/u/g/s/ugs05e00/2040313945.tif,rvlcdip_01755.tif,15,memo,L2
rvlcdip_01756,imagesm/m/s/n/msn91a00/2059675919.tif,rvlcdip_01756.tif,1,form,L4
rvlcdip_01757,imagesl/l/i/w/liw31c00/2085726613b.tif,rvlcdip_01757.tif,2,email,L2
rvlcdip_01758,imagesh/h/t/o/hto4aa00/10411547_10411552.tif,rvlcdip_01758.tif,6,scientific_publication,L1
rvlcdip_01759,imagesd/d/m/q/dmq62d00/82450504a_0516a.tif,rvlcdip_01759.tif,15,memo,L2
rvlcdip_01760,imagesi/i/c/o/ico01e00/88005171-a_88005177.tif,rvlcdip_01760.tif,5,scientific_report,L1
rvlcdip_01761,imagesq/q/l/w/qlw41a00/0012764718.tif,rvlcdip_01761.tif,15,memo,L2
rvlcdip_01762,imageso/o/p/g/opg04c00/2063857381_7382.tif,rvlcdip_01762.tif,1,form,L4
rvlcdip_01763,imagesz/z/k/c/zkc70d00/521904874+-4875.tif,rvlcdip_01763.tif,1,form,L4
rvlcdip_01764,imagesw/w/s/n/wsn15a00/528690483+-0484.tif,rvlcdip_01764.tif,2,email,L2
rvlcdip_01765,imagesd/d/o/q/doq91e00/85701856.tif,rvlcdip_01765.tif,11,invoice,L3
rvlcdip_01766,imagesw/w/u/y/wuy11f00/0001233542.tif,rvlcdip_01766.tif,11,invoice,L3
rvlcdip_01767,imagesz/z/n/e/zne25c00/2078644657.tif,rvlcdip_01767.tif,2,email,L2
rvlcdip_01768,imagesz/z/w/x/zwx33e00/2044262638.tif,rvlcdip_01768.tif,8,file_folder,L1
rvlcdip_01769,imagesf/f/m/s/fms00d00/50347351-7352.tif,rvlcdip_01769.tif,5,scientific_report,L1
rvlcdip_01770,imagesm/m/j/t/mjt64e00/1003714883_1003714888.tif,rvlcdip_01770.tif,6,scientific_publication,L1
rvlcdip_01771,imagesb/b/r/w/brw72e00/2048805750_2048805767.tif,rvlcdip_01771.tif,6,scientific_publication,L1
rvlcdip_01772,imagesr/r/b/w/rbw11e00/87149207_87149210.tif,rvlcdip_01772.tif,11,invoice,L3
rvlcdip_01773,imagesd/d/o/v/dov96e00/2040907335_2040907340.tif,rvlcdip_01773.tif,15,memo,L2
rvlcdip_01774,imagesa/a/c/c/acc11a00/0011849282.tif,rvlcdip_01774.tif,8,file_folder,L1
rvlcdip_01775,imagest/t/h/s/ths92c00/2083459006h_9007.tif,rvlcdip_01775.tif,2,email,L2
rvlcdip_01776,imagesm/m/z/p/mzp48d00/2063237494.tif,rvlcdip_01776.tif,0,letter,L2
rvlcdip_01777,imagesr/r/d/y/rdy35e00/2040957430_2040957441.tif,rvlcdip_01777.tif,10,budget,L3
rvlcdip_01778,imagesq/q/w/k/qwk63e00/2030091331.tif,rvlcdip_01778.tif,1,form,L4
rvlcdip_01779,imagesc/c/j/g/cjg11a00/0011852245.tif,rvlcdip_01779.tif,8,file_folder,L1
rvlcdip_01780,imagesj/j/l/z/jlz02f00/ton02223.71.tif,rvlcdip_01780.tif,15,memo,L2
rvlcdip_01781,imagesg/g/z/r/gzr07e00/2031297885.tif,rvlcdip_01781.tif,7,specification,L4
rvlcdip_01782,imagesr/r/k/q/rkq67e00/2063590729.tif,rvlcdip_01782.tif,11,invoice,L3
rvlcdip_01783,imageso/o/p/h/oph67e00/2063644501_2063644514.tif,rvlcdip_01783.tif,6,scientific_publication,L1
rvlcdip_01784,imagesa/a/p/t/apt20c00/2080894836.tif,rvlcdip_01784.tif,2,email,L2
rvlcdip_01785,imagese/e/g/l/egl48d00/2063307793.tif,rvlcdip_01785.tif,8,file_folder,L1
rvlcdip_01786,imagesl/l/l/r/llr49e00/2501093121_2501093128.tif,rvlcdip_01786.tif,5,scientific_report,L1
rvlcdip_01787,imagesm/m/i/t/mit16d00/50653446-3446.tif,rvlcdip_01787.tif,6,scientific_publication,L1
rvlcdip_01788,imagesm/m/x/c/mxc15f00/0060181658.tif,rvlcdip_01788.tif,8,file_folder,L1
rvlcdip_01789,imagesl/l/e/g/leg80f00/0011919936.tif,rvlcdip_01789.tif,0,letter,L2
rvlcdip_01790,imagesi/i/q/w/iqw55f00/0060108435.tif,rvlcdip_01790.tif,8,file_folder,L1
rvlcdip_01791,imagesm/m/p/l/mpl61f00/0000987682.tif,rvlcdip_01791.tif,0,letter,L2
rvlcdip_01792,imagesn/n/i/o/nio31c00/2085697543c.tif,rvlcdip_01792.tif,2,email,L2
rvlcdip_01793,imagesi/i/u/s/ius24e00/2023023875.tif,rvlcdip_01793.tif,8,file_folder,L1
rvlcdip_01794,imagesd/d/p/l/dpl06c00/2072139631.tif,rvlcdip_01794.tif,1,form,L4
rvlcdip_01795,imagese/e/l/o/elo65d00/504525127.tif,rvlcdip_01795.tif,7,specification,L4
rvlcdip_01796,imagesm/m/i/u/miu62a00/2078193840.tif,rvlcdip_01796.tif,2,email,L2
rvlcdip_01797,imagesc/c/s/c/csc12e00/2028713179_2028713180.tif,rvlcdip_01797.tif,0,letter,L2
rvlcdip_01798,imagesp/p/v/r/pvr55f00/0060123509.tif,rvlcdip_01798.tif,8,file_folder,L1
rvlcdip_01799,imagesq/q/r/b/qrb10e00/82901745_82901746.tif,rvlcdip_01799.tif,15,memo,L2
rvlcdip_01800,imagesx/x/b/c/xbc60e00/92586057_92586061.tif,rvlcdip_01800.tif,15,memo,L2
rvlcdip_01801,imagesp/p/z/x/pzx42e00/2031311152.tif,rvlcdip_01801.tif,7,specification,L4
rvlcdip_01802,imagesy/y/u/o/yuo02e00/2028744284.tif,rvlcdip_01802.tif,11,invoice,L3
rvlcdip_01803,imagesg/g/p/t/gpt57e00/2031291231.tif,rvlcdip_01803.tif,15,memo,L2
rvlcdip_01804,imagese/e/c/v/ecv76c00/2084289551.tif,rvlcdip_01804.tif,2,email,L2
rvlcdip_01805,imagesy/y/o/p/yop50e00/92679657_92679658.tif,rvlcdip_01805.tif,11,invoice,L3
rvlcdip_01806,imagesm/m/f/j/mfj82c00/2078848550.tif,rvlcdip_01806.tif,2,email,L2
rvlcdip_01807,imagese/e/l/d/eld41e00/81451974.tif,rvlcdip_01807.tif,8,file_folder,L1
rvlcdip_01808,imagesn/n/q/q/nqq47e00/2030407105_2030407106.tif,rvlcdip_01808.tif,11,invoice,L3
rvlcdip_01809,imagese/e/g/a/ega51a00/0013516940.tif,rvlcdip_01809.tif,15,memo,L2
rvlcdip_01810,imagesk/k/x/h/kxh20c00/2085787522a.tif,rvlcdip_01810.tif,2,email,L2
rvlcdip_01811,imagesg/g/m/w/gmw69c00/50184760-4766.tif,rvlcdip_01811.tif,6,scientific_publication,L1
rvlcdip_01812,imagesl/l/f/h/lfh90e00/88989205.tif,rvlcdip_01812.tif,1,form,L4
rvlcdip_01813,imagesp/p/i/q/piq98d00/50397830-7830.tif,rvlcdip_01813.tif,6,scientific_publication,L1
rvlcdip_01814,imagesh/h/l/o/hlo13d00/513851458.tif,rvlcdip_01814.tif,0,letter,L2
rvlcdip_01815,imagesr/r/l/e/rle43a00/96404088_4088a.tif,rvlcdip_01815.tif,11,invoice,L3
rvlcdip_01816,imageso/o/i/b/oib62e00/2054176649_2054176651.tif,rvlcdip_01816.tif,5,scientific_report,L1
rvlcdip_01817,imagesp/p/j/y/pjy53a00/1001879443.tif,rvlcdip_01817.tif,5,scientific_report,L1
rvlcdip_01818,imagesn/n/c/y/ncy54d00/506551023_506551025.tif,rvlcdip_01818.tif,0,letter,L2
rvlcdip_01819,imagesr/r/t/v/rtv07e00/2031300491.tif,rvlcdip_01819.tif,7,specification,L4
rvlcdip_01820,imagesc/c/g/h/cgh93d00/508537975.tif,rvlcdip_01820.tif,7,specification,L4
rvlcdip_01821,imagesd/d/m/e/dme14f00/0000199886.tif,rvlcdip_01821.tif,0,letter,L2
rvlcdip_01822,imagesp/p/a/m/pam40f00/0000344882.tif,rvlcdip_01822.tif,0,letter,L2
rvlcdip_01823,imagesy/y/d/t/ydt01a00/0060052698.tif,rvlcdip_01823.tif,8,file_folder,L1
rvlcdip_01824,imagesp/p/u/g/pug43a00/89001835.tif,rvlcdip_01824.tif,11,invoice,L3
rvlcdip_01825,imagesh/h/g/h/hgh37d00/2072389474.tif,rvlcdip_01825.tif,8,file_folder,L1
rvlcdip_01826,imageso/o/i/w/oiw07e00/2031301066.tif,rvlcdip_01826.tif,7,specification,L4
rvlcdip_01827,imagesu/u/e/z/uez97c00/527800519+-0519.tif,rvlcdip_01827.tif,2,email,L2
rvlcdip_01828,imagesv/v/q/m/vqm67c00/2076886989c_6990.tif,rvlcdip_01828.tif,2,email,L2
rvlcdip_01829,imagesp/p/f/r/pfr71a00/2057454335_2057454337.tif,rvlcdip_01829.tif,7,specification,L4
rvlcdip_01830,imagesq/q/j/m/qjm47e00/2030372698.tif,rvlcdip_01830.tif,1,form,L4
rvlcdip_01831,imagesn/n/k/u/nku50e00/93128414_93128416.tif,rvlcdip_01831.tif,10,budget,L3
rvlcdip_01832,imagesf/f/m/v/fmv24f00/0000005930.tif,rvlcdip_01832.tif,0,letter,L2
rvlcdip_01833,imagesd/d/m/q/dmq50f00/0000230061.tif,rvlcdip_01833.tif,7,specification,L4
rvlcdip_01834,imagesv/v/d/g/vdg96e00/2057667716.tif,rvlcdip_01834.tif,7,specification,L4
rvlcdip_01835,imagesm/m/o/u/mou20a00/60031311_60031320.tif,rvlcdip_01835.tif,6,scientific_publication,L1
rvlcdip_01836,imageso/o/a/y/oay29e00/2501376918.tif,rvlcdip_01836.tif,6,scientific_publication,L1
rvlcdip_01837,imagesm/m/e/e/mee77c00/2505949080.tif,rvlcdip_01837.tif,8,file_folder,L1
rvlcdip_01838,imagesc/c/h/s/chs25a00/92856432_6433.tif,rvlcdip_01838.tif,11,invoice,L3
rvlcdip_01839,imagesn/n/c/x/ncx53f00/0001217564.tif,rvlcdip_01839.tif,0,letter,L2
rvlcdip_01840,imageso/o/x/a/oxa24c00/2048612364.tif,rvlcdip_01840.tif,15,memo,L2
rvlcdip_01841,imagesf/f/h/z/fhz14f00/0000101237.tif,rvlcdip_01841.tif,0,letter,L2
rvlcdip_01842,imageso/o/s/w/osw74e00/1003157330_1003157341.tif,rvlcdip_01842.tif,5,scientific_report,L1
rvlcdip_01843,imagesp/p/c/a/pca46c00/2070424783.tif,rvlcdip_01843.tif,11,invoice,L3
rvlcdip_01844,imagesf/f/g/p/fgp69e00/2029087529.tif,rvlcdip_01844.tif,1,form,L4
rvlcdip_01845,imagesk/k/y/e/kye97e00/1000027483.tif,rvlcdip_01845.tif,15,memo,L2
rvlcdip_01846,imagesh/h/f/q/hfq07d00/tnwl0025921.tif,rvlcdip_01846.tif,10,budget,L3
rvlcdip_01847,imagesy/y/f/u/yfu8aa00/50064172_50064173.tif,rvlcdip_01847.tif,0,letter,L2
rvlcdip_01848,imagesn/n/a/z/naz55a00/530919609+-9609.tif,rvlcdip_01848.tif,2,email,L2
rvlcdip_01849,imagesz/z/t/i/zti49e00/2501051810_2501051824.tif,rvlcdip_01849.tif,6,scientific_publication,L1
rvlcdip_01850,imagest/t/n/c/tnc45a00/82341303_1307.tif,rvlcdip_01850.tif,5,scientific_report,L1
rvlcdip_01851,imagesn/n/t/m/ntm49c00/2505123510.tif,rvlcdip_01851.tif,0,letter,L2
rvlcdip_01852,imagesz/z/r/p/zrp67d00/2057322796_2837.tif,rvlcdip_01852.tif,5,scientific_report,L1
rvlcdip_01853,imagesy/y/g/u/ygu00a00/60026396.tif,rvlcdip_01853.tif,6,scientific_publication,L1
rvlcdip_01854,imagesb/b/k/s/bks48d00/2063216263.tif,rvlcdip_01854.tif,11,invoice,L3
rvlcdip_01855,imageso/o/o/h/ooh74c00/91971155_1157.tif,rvlcdip_01855.tif,10,budget,L3
rvlcdip_01856,imagesg/g/l/q/glq40f00/0000488790.tif,rvlcdip_01856.tif,10,budget,L3
rvlcdip_01857,imagesj/j/e/d/jed17d00/tnwl0002208.tif,rvlcdip_01857.tif,10,budget,L3
rvlcdip_01858,imagesz/z/c/k/zck17e00/2031317854.tif,rvlcdip_01858.tif,7,specification,L4
rvlcdip_01859,imagese/e/s/b/esb21a00/0071005980.tif,rvlcdip_01859.tif,11,invoice,L3
rvlcdip_01860,imagesw/w/o/z/woz36d00/50658714-8714.tif,rvlcdip_01860.tif,6,scientific_publication,L1
rvlcdip_01861,imagesm/m/l/h/mlh96d00/tcal0467052.tif,rvlcdip_01861.tif,10,budget,L3
rvlcdip_01862,imagesd/d/w/m/dwm59d00/500952296.tif,rvlcdip_01862.tif,0,letter,L2
rvlcdip_01863,imagesh/h/v/l/hvl71c00/2084429709.tif,rvlcdip_01863.tif,11,invoice,L3
rvlcdip_01864,imagesr/r/k/z/rkz12f00/24012030.tif,rvlcdip_01864.tif,10,budget,L3
rvlcdip_01865,imagesb/b/z/z/bzz00a00/10331448_10331454.tif,rvlcdip_01865.tif,6,scientific_publication,L1
rvlcdip_01866,imagesj/j/y/a/jya54c00/80701400.tif,rvlcdip_01866.tif,11,invoice,L3
rvlcdip_01867,imagesk/k/c/t/kct73e00/2028807558_2028807560.tif,rvlcdip_01867.tif,5,scientific_report,L1
rvlcdip_01868,imagese/e/o/i/eoi38d00/2053464388_4389.tif,rvlcdip_01868.tif,1,form,L4
rvlcdip_01869,imagesg/g/l/x/glx93e00/2040961472_2040961487.tif,rvlcdip_01869.tif,10,budget,L3
rvlcdip_01870,imagesg/g/x/g/gxg20a00/10123309.tif,rvlcdip_01870.tif,8,file_folder,L1
rvlcdip_01871,imagesc/c/s/t/cst29c00/2505413008.tif,rvlcdip_01871.tif,2,email,L2
rvlcdip_01872,imagesk/k/n/q/knq46c00/2505107701d.tif,rvlcdip_01872.tif,2,email,L2
rvlcdip_01873,imagest/t/b/j/tbj00d00/50326819-6823.tif,rvlcdip_01873.tif,5,scientific_report,L1
rvlcdip_01874,imagesf/f/p/w/fpw34a00/2067216681.tif,rvlcdip_01874.tif,2,email,L2
rvlcdip_01875,imagesm/m/e/k/mek94a00/2072796242.tif,rvlcdip_01875.tif,2,email,L2
rvlcdip_01876,imagesp/p/h/j/phj16c00/2071267297_7298.tif,rvlcdip_01876.tif,10,budget,L3
rvlcdip_01877,imagesp/p/w/n/pwn12f00/ton03412.49.tif,rvlcdip_01877.tif,10,budget,L3
rvlcdip_01878,imagesh/h/i/o/hio58d00/504226937_504226940.tif,rvlcdip_01878.tif,0,letter,L2
rvlcdip_01879,imagesk/k/u/e/kue17e00/2031313269.tif,rvlcdip_01879.tif,7,specification,L4
rvlcdip_01880,imagesc/c/h/w/chw66c00/2073212432_2434.tif,rvlcdip_01880.tif,6,scientific_publication,L1
rvlcdip_01881,imagesh/h/s/i/hsi82f00/tob07811.16.tif,rvlcdip_01881.tif,10,budget,L3
rvlcdip_01882,imagesk/k/e/q/keq07e00/2050241180.tif,rvlcdip_01882.tif,6,scientific_publication,L1
rvlcdip_01883,imagesy/y/d/s/yds14e00/2023555409.tif,rvlcdip_01883.tif,15,memo,L2
rvlcdip_01884,imagesj/j/o/n/jon12f00/ton03512.55_ton03512.61.tif,rvlcdip_01884.tif,10,budget,L3
rvlcdip_01885,imagesy/y/e/k/yek12e00/2028698010.tif,rvlcdip_01885.tif,11,invoice,L3
rvlcdip_01886,imagesf/f/n/g/fng71f00/2001114797_2001114798.tif,rvlcdip_01886.tif,5,scientific_report,L1
rvlcdip_01887,imagesc/c/j/t/cjt80e00/88205250_88205254.tif,rvlcdip_01887.tif,5,scientific_report,L1
rvlcdip_01888,imagesi/i/l/c/ilc58e00/2021576696_2021576699.tif,rvlcdip_01888.tif,6,scientific_publication,L1
rvlcdip_01889,imagesj/j/v/o/jvo22c00/2069732297.tif,rvlcdip_01889.tif,7,specification,L4
rvlcdip_01890,imagesm/m/y/m/mym98d00/50387787-7788.tif,rvlcdip_01890.tif,15,memo,L2
rvlcdip_01891,imagese/e/y/h/eyh71f00/2001117322.tif,rvlcdip_01891.tif,5,scientific_report,L1
rvlcdip_01892,imagesl/l/n/i/lni35c00/2046982295.tif,rvlcdip_01892.tif,0,letter,L2
rvlcdip_01893,imagese/e/b/l/ebl43f00/0000586595.tif,rvlcdip_01893.tif,5,scientific_report,L1
rvlcdip_01894,imagesh/h/z/b/hzb05f00/0060177673.tif,rvlcdip_01894.tif,8,file_folder,L1
rvlcdip_01895,imagesa/a/g/z/agz31c00/2085752192b.tif,rvlcdip_01895.tif,2,email,L2
rvlcdip_01896,imagesi/i/h/u/ihu14c00/2051844026_4027.tif,rvlcdip_01896.tif,1,form,L4
rvlcdip_01897,imagesq/q/x/z/qxz76c00/2084121439a.tif,rvlcdip_01897.tif,2,email,L2
rvlcdip_01898,imagesi/i/i/c/iic13c00/523444920+-4920.tif,rvlcdip_01898.tif,1,form,L4
rvlcdip_01899,imagesq/q/h/g/qhg48c00/2083310345.tif,rvlcdip_01899.tif,10,budget,L3
rvlcdip_01900,imagesv/v/u/r/vur42e00/2029377028.tif,rvlcdip_01900.tif,11,invoice,L3
rvlcdip_01901,imagese/e/s/j/esj37d00/2075755341.tif,rvlcdip_01901.tif,5,scientific_report,L1
rvlcdip_01902,imagesz/z/b/z/zbz76e00/2041599723.tif,rvlcdip_01902.tif,11,invoice,L3
rvlcdip_01903,imagesd/d/p/f/dpf17e00/2031313709.tif,rvlcdip_01903.tif,7,specification,L4
rvlcdip_01904,imagesn/n/a/n/nan22e00/2501537411.tif,rvlcdip_01904.tif,8,file_folder,L1
rvlcdip_01905,imagesd/d/o/a/doa43e00/2042957670.tif,rvlcdip_01905.tif,8,file_folder,L1
rvlcdip_01906,imagesh/h/r/l/hrl72a00/2021400833_0835.tif,rvlcdip_01906.tif,15,memo,L2
rvlcdip_01907,imagesi/i/f/w/ifw09c00/83613697a.tif,rvlcdip_01907.tif,1,form,L4
rvlcdip_01908,imagesk/k/g/h/kgh34a00/2067506414.tif,rvlcdip_01908.tif,2,email,L2
rvlcdip_01909,imagesy/y/r/g/yrg34d00/507136981_507136983.tif,rvlcdip_01909.tif,0,letter,L2
rvlcdip_01910,imagesi/i/v/g/ivg15c00/2071205780.tif,rvlcdip_01910.tif,8,file_folder,L1
rvlcdip_01911,imagesk/k/f/l/kfl61c00/504565640+-5640.tif,rvlcdip_01911.tif,7,specification,L4
rvlcdip_01912,imagesw/w/z/p/wzp10e00/00450094.tif,rvlcdip_01912.tif,15,memo,L2
rvlcdip_01913,imagesy/y/l/s/yls30e00/87426328_87426358.tif,rvlcdip_01913.tif,5,scientific_report,L1
rvlcdip_01914,imagesf/f/n/n/fnn4aa00/10409619.tif,rvlcdip_01914.tif,6,scientific_publication,L1
rvlcdip_01915,imagesg/g/e/x/gex84a00/2063243551.tif,rvlcdip_01915.tif,11,invoice,L3
rvlcdip_01916,imagesy/y/h/q/yhq34e00/2015055856.tif,rvlcdip_01916.tif,10,budget,L3
rvlcdip_01917,imagesz/z/u/i/zui60e00/93215865.tif,rvlcdip_01917.tif,10,budget,L3
rvlcdip_01918,imagesj/j/d/b/jdb68e00/2021545307_2021545311.tif,rvlcdip_01918.tif,6,scientific_publication,L1
rvlcdip_01919,imagesy/y/f/j/yfj79e00/2029273207.tif,rvlcdip_01919.tif,5,scientific_report,L1
rvlcdip_01920,imagesy/y/m/s/yms78c00/82357705.tif,rvlcdip_01920.tif,7,specification,L4
rvlcdip_01921,imagesi/i/e/g/ieg12e00/2028706274.tif,rvlcdip_01921.tif,11,invoice,L3
rvlcdip_01922,imagesb/b/j/a/bja08d00/2072197032.tif,rvlcdip_01922.tif,15,memo,L2
rvlcdip_01923,imagesr/r/d/s/rds44c00/86609053.tif,rvlcdip_01923.tif,10,budget,L3
rvlcdip_01924,imagesi/i/s/g/isg68e00/2016001761.tif,rvlcdip_01924.tif,8,file_folder,L1
rvlcdip_01925,imagese/e/p/h/eph86c00/2084088231.tif,rvlcdip_01925.tif,1,form,L4
rvlcdip_01926,imagesq/q/v/i/qvi86d00/ti14710378_0379.tif,rvlcdip_01926.tif,10,budget,L3
rvlcdip_01927,imagesp/p/c/w/pcw49e00/2025990173.tif,rvlcdip_01927.tif,6,scientific_publication,L1
rvlcdip_01928,imagesv/v/g/r/vgr53c00/98703331.tif,rvlcdip_01928.tif,5,scientific_report,L1
rvlcdip_01929,imagesd/d/h/b/dhb02e00/2028875334.tif,rvlcdip_01929.tif,5,scientific_report,L1
rvlcdip_01930,imagesn/n/s/x/nsx35e00/2040956537_2040956538.tif,rvlcdip_01930.tif,10,budget,L3
rvlcdip_01931,imagesv/v/m/c/vmc35c00/2069521179.tif,rvlcdip_01931.tif,1,form,L4
rvlcdip_01932,imagesj/j/l/r/jlr71d00/13153809.tif,rvlcdip_01932.tif,0,letter,L2
rvlcdip_01933,imagese/e/f/z/efz55c00/2083468200.tif,rvlcdip_01933.tif,1,form,L4
rvlcdip_01934,imagesi/i/u/y/iuy61a00/2057407223_2057407224.tif,rvlcdip_01934.tif,7,specification,L4
rvlcdip_01935,imagesv/v/s/o/vso92c00/2083039185_9192.tif,rvlcdip_01935.tif,6,scientific_publication,L1
rvlcdip_01936,imagesm/m/k/o/mko46c00/2069715168.tif,rvlcdip_01936.tif,7,specification,L4
rvlcdip_01937,imagesj/j/s/x/jsx11e00/87147513.tif,rvlcdip_01937.tif,11,invoice,L3
rvlcdip_01938,imagesy/y/j/v/yjv02e00/2028721295.tif,rvlcdip_01938.tif,11,invoice,L3
rvlcdip_01939,imagesi/i/f/k/ifk54c00/03566417_6418.tif,rvlcdip_01939.tif,11,invoice,L3
rvlcdip_01940,imagesf/f/x/k/fxk34c00/96421584.tif,rvlcdip_01940.tif,11,invoice,L3
rvlcdip_01941,imagesh/h/n/z/hnz94f00/0060189593.tif,rvlcdip_01941.tif,8,file_folder,L1
rvlcdip_01942,imagesu/u/w/r/uwr91f00/timo7118.tif,rvlcdip_01942.tif,0,letter,L2
rvlcdip_01943,imagest/t/p/l/tpl52c00/2074711708_1711.tif,rvlcdip_01943.tif,1,form,L4
rvlcdip_01944,imageso/o/r/c/orc27d00/2075394679.tif,rvlcdip_01944.tif,1,form,L4
rvlcdip_01945,imagesf/f/g/e/fge21f00/0001482251.tif,rvlcdip_01945.tif,5,scientific_report,L1
rvlcdip_01946,imagesn/n/l/x/nlx22d00/2502236777_6783.tif,rvlcdip_01946.tif,6,scientific_publication,L1
rvlcdip_01947,imagesl/l/b/q/lbq84d00/506127156.tif,rvlcdip_01947.tif,11,invoice,L3
rvlcdip_01948,imagesl/l/v/y/lvy76c00/2084125419.tif,rvlcdip_01948.tif,2,email,L2
rvlcdip_01949,imagesm/m/q/z/mqz71a00/2057481165_2057481173.tif,rvlcdip_01949.tif,7,specification,L4
rvlcdip_01950,imagesn/n/s/c/nsc41a00/0012943855.tif,rvlcdip_01950.tif,15,memo,L2
rvlcdip_01951,imagesv/v/a/m/vam65d00/504550065.tif,rvlcdip_01951.tif,7,specification,L4
rvlcdip_01952,imagesr/r/x/o/rxo96c00/50700312-0328.tif,rvlcdip_01952.tif,6,scientific_publication,L1
rvlcdip_01953,imagesk/k/f/u/kfu91a00/2063115078.tif,rvlcdip_01953.tif,11,invoice,L3
rvlcdip_01954,imagesz/z/z/u/zzu22e00/2501664501.tif,rvlcdip_01954.tif,5,scientific_report,L1
rvlcdip_01955,imagesj/j/t/i/jti77d00/2064233510.tif,rvlcdip_01955.tif,6,scientific_publication,L1
rvlcdip_01956,imagesb/b/w/w/bww05c00/2083456389.tif,rvlcdip_01956.tif,8,file_folder,L1
rvlcdip_01957,imagesa/a/w/h/awh8aa00/11014750.tif,rvlcdip_01957.tif,0,letter,L2
rvlcdip_01958,imagesv/v/p/t/vpt02e00/2028724802.tif,rvlcdip_01958.tif,11,invoice,L3
rvlcdip_01959,imagesl/l/d/i/ldi05f00/0060182604.tif,rvlcdip_01959.tif,8,file_folder,L1
rvlcdip_01960,imagesf/f/n/x/fnx93f00/0000333208.tif,rvlcdip_01960.tif,11,invoice,L3
rvlcdip_01961,imagesw/w/y/d/wyd76c00/2077493382.tif,rvlcdip_01961.tif,1,form,L4
rvlcdip_01962,imagesj/j/x/a/jxa70c00/2078273333.tif,rvlcdip_01962.tif,10,budget,L3
rvlcdip_01963,imagesj/j/p/j/jpj42d00/2020125752.tif,rvlcdip_01963.tif,0,letter,L2
rvlcdip_01964,imagesc/c/w/y/cwy80e00/89121695.tif,rvlcdip_01964.tif,15,memo,L2
rvlcdip_01965,imagesu/u/m/y/umy23d00/512831515.tif,rvlcdip_01965.tif,1,form,L4
rvlcdip_01966,imagesb/b/f/o/bfo59e00/2024482861.tif,rvlcdip_01966.tif,8,file_folder,L1
rvlcdip_01967,imagesu/u/i/c/uic53c00/91939508_9509.tif,rvlcdip_01967.tif,10,budget,L3
rvlcdip_01968,imagesy/y/s/a/ysa74c00/91543524.tif,rvlcdip_01968.tif,11,invoice,L3
rvlcdip_01969,imagesc/c/q/p/cqp62d00/86213309.tif,rvlcdip_01969.tif,1,form,L4
rvlcdip_01970,imagesl/l/o/b/lob02a00/2023379827_2023379831.tif,rvlcdip_01970.tif,6,scientific_publication,L1
rvlcdip_01971,imagesw/w/q/h/wqh99c00/40023636-3642.tif,rvlcdip_01971.tif,6,scientific_publication,L1
rvlcdip_01972,imageso/o/l/f/olf53f00/0001483726.tif,rvlcdip_01972.tif,7,specification,L4
rvlcdip_01973,imagesa/a/g/l/agl85e00/2024271779.tif,rvlcdip_01973.tif,0,letter,L2
rvlcdip_01974,imagesw/w/r/m/wrm70c00/2078455195_5196.tif,rvlcdip_01974.tif,5,scientific_report,L1
rvlcdip_01975,imagesy/y/x/k/yxk85a00/531295454+-5463.tif,rvlcdip_01975.tif,2,email,L2
rvlcdip_01976,imagesx/x/h/i/xhi36c00/2078344754a.tif,rvlcdip_01976.tif,2,email,L2
rvlcdip_01977,imagesz/z/m/g/zmg18e00/1001764976.tif,rvlcdip_01977.tif,5,scientific_report,L1
rvlcdip_01978,imagesm/m/m/u/mmu91a00/2063115648.tif,rvlcdip_01978.tif,11,invoice,L3
rvlcdip_01979,imagesl/l/s/g/lsg86e00/2060325418_2060325420.tif,rvlcdip_01979.tif,10,budget,L3
rvlcdip_01980,imagesh/h/z/d/hzd93d00/508594364.tif,rvlcdip_01980.tif,7,specification,L4
rvlcdip_01981,imageso/o/w/q/owq89c00/50280594-0598.tif,rvlcdip_01981.tif,6,scientific_publication,L1
rvlcdip_01982,imagesr/r/m/m/rmm62d00/82561905_1906.tif,rvlcdip_01982.tif,0,letter,L2
rvlcdip_01983,imagesz/z/x/v/zxv56e00/2028638305.tif,rvlcdip_01983.tif,5,scientific_report,L1
rvlcdip_01984,imageso/o/t/t/ott80c00/2085793733.tif,rvlcdip_01984.tif,2,email,L2
rvlcdip_01985,imagesj/j/w/n/jwn39e00/2501663081_2501663085.tif,rvlcdip_01985.tif,5,scientific_report,L1
rvlcdip_01986,imagesg/g/d/d/gdd32c00/2070272774.tif,rvlcdip_01986.tif,15,memo,L2
rvlcdip_01987,imagesw/w/e/b/web66d00/507069205+-9207.tif,rvlcdip_01987.tif,0,letter,L2
rvlcdip_01988,imagesj/j/o/t/jot87c00/509861141+-1141.tif,rvlcdip_01988.tif,0,letter,L2
rvlcdip_01989,imagesn/n/k/f/nkf17d00/ti13800008_0010.tif,rvlcdip_01989.tif,10,budget,L3
rvlcdip_01990,imagest/t/z/x/tzx55e00/2041738253.tif,rvlcdip_01990.tif,15,memo,L2
rvlcdip_01991,imagesv/v/p/o/vpo04d00/508113580.tif,rvlcdip_01991.tif,0,letter,L2
rvlcdip_01992,imagest/t/n/v/tnv72a00/528016823+-6823.tif,rvlcdip_01992.tif,2,email,L2
rvlcdip_01993,imagesq/q/h/c/qhc18d00/2070315972_5973.tif,rvlcdip_01993.tif,10,budget,L3
rvlcdip_01994,imagesc/c/s/t/cst76d00/ti16630241_0242.tif,rvlcdip_01994.tif,10,budget,L3
rvlcdip_01995,imagesw/w/c/v/wcv4aa00/10421892_10421895.tif,rvlcdip_01995.tif,6,scientific_publication,L1
rvlcdip_01996,imagesw/w/r/m/wrm61a00/2051534327_2051534328.tif,rvlcdip_01996.tif,7,specification,L4
rvlcdip_01997,imagesf/f/e/a/fea91f00/2501184089_2501184090.tif,rvlcdip_01997.tif,5,scientific_report,L1
rvlcdip_01998,imagesg/g/g/f/ggf45e00/2042542218.tif,rvlcdip_01998.tif,1,form,L4
rvlcdip_01999,imagesh/h/l/c/hlc84c00/92225867.tif,rvlcdip_01999.tif,11,invoice,L3
rvlcdip_02000,imagesi/i/z/w/izw11e00/87148079.tif,rvlcdip_02000.tif,1,form,L4
rvlcdip_02001,imagest/t/d/m/tdm09c00/83243827.tif,rvlcdip_02001.tif,6,scientific_publication,L1
rvlcdip_02002,imagesw/w/q/q/wqq04f00/0000279441.tif,rvlcdip_02002.tif,10,budget,L3
rvlcdip_02003,imagesw/w/f/s/wfs93c00/2064351363_1476.tif,rvlcdip_02003.tif,5,scientific_report,L1
rvlcdip_02004,imagesn/n/u/e/nue82f00/tob08113.17_tob08113.18.tif,rvlcdip_02004.tif,10,budget,L3
rvlcdip_02005,imagesy/y/y/j/yyj92d00/515780366+-0366.tif,rvlcdip_02005.tif,0,letter,L2
rvlcdip_02006,imagesa/a/o/i/aoi71e00/03660683.tif,rvlcdip_02006.tif,11,invoice,L3
rvlcdip_02007,imagesj/j/u/f/juf67e00/2063654808_2063654830.tif,rvlcdip_02007.tif,6,scientific_publication,L1
rvlcdip_02008,imageso/o/v/t/ovt34a00/2067238975.tif,rvlcdip_02008.tif,2,email,L2
rvlcdip_02009,imagesm/m/g/v/mgv89c00/50289024-9032.tif,rvlcdip_02009.tif,6,scientific_publication,L1
rvlcdip_02010,imagesh/h/c/z/hcz43a00/2065378305.tif,rvlcdip_02010.tif,11,invoice,L3
rvlcdip_02011,imagesy/y/p/g/ypg40e00/85653654.tif,rvlcdip_02011.tif,8,file_folder,L1
rvlcdip_02012,imagesh/h/g/h/hgh54a00/92589127.tif,rvlcdip_02012.tif,15,memo,L2
rvlcdip_02013,imagesd/d/n/i/dni91e00/00921705.tif,rvlcdip_02013.tif,11,invoice,L3
rvlcdip_02014,imagesd/d/r/k/drk65e00/2049420681_2049420684.tif,rvlcdip_02014.tif,10,budget,L3
rvlcdip_02015,imagesv/v/v/o/vvo65d00/504514484.tif,rvlcdip_02015.tif,7,specification,L4
rvlcdip_02016,imageso/o/n/z/onz72c00/2078726986.tif,rvlcdip_02016.tif,2,email,L2
rvlcdip_02017,imagesd/d/k/c/dkc53f00/0001488121.tif,rvlcdip_02017.tif,15,memo,L2
rvlcdip_02018,imagesb/b/j/q/bjq65d00/504491352.tif,rvlcdip_02018.tif,7,specification,L4
rvlcdip_02019,imagesz/z/k/o/zko76e00/2057287520.tif,rvlcdip_02019.tif,8,file_folder,L1
rvlcdip_02020,imagesc/c/x/u/cxu62c00/2077798992.tif,rvlcdip_02020.tif,1,form,L4
rvlcdip_02021,imagesb/b/t/p/btp45d00/2063924496_4518.tif,rvlcdip_02021.tif,5,scientific_report,L1
rvlcdip_02022,imagesq/q/p/s/qps93e00/2040790348_2040790350.tif,rvlcdip_02022.tif,10,budget,L3
rvlcdip_02023,imagesi/i/x/f/ixf43c00/99406632_6638.tif,rvlcdip_02023.tif,11,invoice,L3
rvlcdip_02024,imagesz/z/k/x/zkx13f00/0000231274.tif,rvlcdip_02024.tif,10,budget,L3
rvlcdip_02025,imagesc/c/u/x/cux28d00/2072536319.tif,rvlcdip_02025.tif,2,email,L2
rvlcdip_02026,imagese/e/l/f/elf86d00/ti16310287.tif,rvlcdip_02026.tif,11,invoice,L3
rvlcdip_02027,imagesq/q/k/o/qko15a00/528676080+-6081.tif,rvlcdip_02027.tif,2,email,L2
rvlcdip_02028,imagesv/v/w/g/vwg10a00/10377139.tif,rvlcdip_02028.tif,6,scientific_publication,L1
rvlcdip_02029,imagesh/h/e/h/heh90f00/0011845905.tif,rvlcdip_02029.tif,7,specification,L4
rvlcdip_02030,imagesf/f/i/j/fij83f00/0001137401.tif,rvlcdip_02030.tif,0,letter,L2
rvlcdip_02031,imageso/o/d/y/ody61a00/2057405962_2057405963.tif,rvlcdip_02031.tif,7,specification,L4
rvlcdip_02032,imagesf/f/d/v/fdv66e00/2053554385.tif,rvlcdip_02032.tif,5,scientific_report,L1
rvlcdip_02033,imagesn/n/g/y/ngy49c00/PUBLICATIONS001299-1.tif,rvlcdip_02033.tif,6,scientific_publication,L1
rvlcdip_02034,imagesd/d/o/t/dot25f00/0060218092.tif,rvlcdip_02034.tif,8,file_folder,L1
rvlcdip_02035,imagesj/j/k/d/jkd23d00/513269943_513269956.tif,rvlcdip_02035.tif,11,invoice,L3
rvlcdip_02036,imagese/e/x/y/exy14e00/2028515193_2028515198.tif,rvlcdip_02036.tif,15,memo,L2
rvlcdip_02037,imagesv/v/n/v/vnv09e00/2050016947.tif,rvlcdip_02037.tif,1,form,L4
rvlcdip_02038,imagesg/g/g/d/ggd86d00/ti16351641.tif,rvlcdip_02038.tif,10,budget,L3
rvlcdip_02039,imagesp/p/x/j/pxj84c00/98859235_9248.tif,rvlcdip_02039.tif,15,memo,L2
rvlcdip_02040,imagesd/d/d/x/ddx35f00/0060088683.tif,rvlcdip_02040.tif,1,form,L4
rvlcdip_02041,imagesi/i/z/r/izr35a00/92309141_9145.tif,rvlcdip_02041.tif,15,memo,L2
rvlcdip_02042,imagest/t/q/l/tql84f00/0060339613.tif,rvlcdip_02042.tif,15,memo,L2
rvlcdip_02043,imagesv/v/y/u/vyu91c00/2080653511.tif,rvlcdip_02043.tif,1,form,L4
rvlcdip_02044,imagesb/b/i/c/bic58c00/92141022_1023.tif,rvlcdip_02044.tif,10,budget,L3
rvlcdip_02045,imagesr/r/f/h/rfh25c00/2505322006.tif,rvlcdip_02045.tif,2,email,L2
rvlcdip_02046,imagesk/k/b/q/kbq13a00/504367662+-7664.tif,rvlcdip_02046.tif,0,letter,L2
rvlcdip_02047,imagesj/j/m/m/jmm22f00/11006957.tif,rvlcdip_02047.tif,10,budget,L3
rvlcdip_02048,imagesf/f/u/d/fud71a00/2057418663_2057418667.tif,rvlcdip_02048.tif,7,specification,L4
rvlcdip_02049,imagesp/p/a/v/pav76c00/2084289640d.tif,rvlcdip_02049.tif,2,email,L2
rvlcdip_02050,imagesu/u/f/i/ufi55c00/2075692532a.tif,rvlcdip_02050.tif,2,email,L2
rvlcdip_02051,imagesf/f/p/x/fpx66e00/2041240237.tif,rvlcdip_02051.tif,0,letter,L2
rvlcdip_02052,imagesz/z/o/b/zob98c00/87020238.tif,rvlcdip_02052.tif,1,form,L4
rvlcdip_02053,imagesk/k/f/c/kfc02a00/2023510394_2023510401.tif,rvlcdip_02053.tif,5,scientific_report,L1
rvlcdip_02054,imagesc/c/v/c/cvc86d00/ti16352219.tif,rvlcdip_02054.tif,10,budget,L3
rvlcdip_02055,imagesb/b/k/a/bka10e00/91507493_91507494.tif,rvlcdip_02055.tif,11,invoice,L3
rvlcdip_02056,imagesx/x/s/w/xsw06e00/2043128425.tif,rvlcdip_02056.tif,11,invoice,L3
rvlcdip_02057,imagesw/w/k/v/wkv94c00/2085797326.tif,rvlcdip_02057.tif,2,email,L2
rvlcdip_02058,imagesm/m/t/j/mtj41c00/2085761177.tif,rvlcdip_02058.tif,2,email,L2
rvlcdip_02059,imagesn/n/d/l/ndl55e00/2045467819.tif,rvlcdip_02059.tif,10,budget,L3
rvlcdip_02060,imagesu/u/e/h/ueh1aa00/10028372.tif,rvlcdip_02060.tif,6,scientific_publication,L1
rvlcdip_02061,imagesx/x/c/p/xcp88e00/2020340486.tif,rvlcdip_02061.tif,15,memo,L2
rvlcdip_02062,imagesu/u/x/c/uxc23d00/513280414.tif,rvlcdip_02062.tif,11,invoice,L3
rvlcdip_02063,imagesn/n/y/t/nyt05e00/2041439470.tif,rvlcdip_02063.tif,0,letter,L2
rvlcdip_02064,imagesa/a/c/d/acd63e00/2030140350.tif,rvlcdip_02064.tif,1,form,L4
rvlcdip_02065,imagesg/g/i/g/gig26e00/2056282055.tif,rvlcdip_02065.tif,5,scientific_report,L1
rvlcdip_02066,imagesk/k/t/y/kty11f00/0001233504.tif,rvlcdip_02066.tif,11,invoice,L3
rvlcdip_02067,imagesx/x/x/t/xxt53f00/0001219882.tif,rvlcdip_02067.tif,11,invoice,L3
rvlcdip_02068,imagesd/d/e/n/den57c00/2072962972.tif,rvlcdip_02068.tif,15,memo,L2
rvlcdip_02069,imagesj/j/n/e/jne16e00/2044448089.tif,rvlcdip_02069.tif,11,invoice,L3
rvlcdip_02070,imagesu/u/x/o/uxo86c00/2080259038.tif,rvlcdip_02070.tif,2,email,L2
rvlcdip_02071,imagesj/j/s/g/jsg27d00/2071863842d_3843.tif,rvlcdip_02071.tif,2,email,L2
rvlcdip_02072,imagesz/z/e/r/zer65e00/2047047460.tif,rvlcdip_02072.tif,10,budget,L3
rvlcdip_02073,imagesx/x/g/h/xgh57e00/2030797682.tif,rvlcdip_02073.tif,1,form,L4
rvlcdip_02074,imagesi/i/h/w/ihw25a00/81881578.tif,rvlcdip_02074.tif,2,email,L2
rvlcdip_02075,imagesn/n/p/m/npm14f00/0000145486.tif,rvlcdip_02075.tif,0,letter,L2
rvlcdip_02076,imagese/e/z/s/ezs71a00/2057460872_2057460875.tif,rvlcdip_02076.tif,7,specification,L4
rvlcdip_02077,imagesh/h/d/m/hdm46c00/2505114391_4393.tif,rvlcdip_02077.tif,5,scientific_report,L1
rvlcdip_02078,imagesj/j/r/q/jrq39e00/2501341844.tif,rvlcdip_02078.tif,8,file_folder,L1
rvlcdip_02079,imagesh/h/j/q/hjq34a00/2067326004.tif,rvlcdip_02079.tif,8,file_folder,L1
rvlcdip_02080,imagesp/p/m/l/pml44e00/2022217177.tif,rvlcdip_02080.tif,15,memo,L2
rvlcdip_02081,imagesl/l/b/c/lbc23f00/0000167388.tif,rvlcdip_02081.tif,15,memo,L2
rvlcdip_02082,imagesb/b/b/d/bbd86d00/ti16351946.tif,rvlcdip_02082.tif,10,budget,L3
rvlcdip_02083,imagesi/i/m/r/imr23d00/512984351.tif,rvlcdip_02083.tif,11,invoice,L3
rvlcdip_02084,imagesk/k/d/y/kdy11f00/0001234030.tif,rvlcdip_02084.tif,11,invoice,L3
rvlcdip_02085,imagesg/g/a/l/gal29c00/2074691666.tif,rvlcdip_02085.tif,1,form,L4
rvlcdip_02086,imagesm/m/i/m/mim34e00/2020279109_2020279133.tif,rvlcdip_02086.tif,5,scientific_report,L1
rvlcdip_02087,imagesn/n/d/j/ndj47c00/2084022543.tif,rvlcdip_02087.tif,11,invoice,L3
rvlcdip_02088,imagesq/q/f/z/qfz73f00/0001144420.tif,rvlcdip_02088.tif,11,invoice,L3
rvlcdip_02089,imagesc/c/q/p/cqp53d00/510915699+-5706.tif,rvlcdip_02089.tif,0,letter,L2
rvlcdip_02090,imageso/o/d/l/odl59c00/50710656-0666.tif,rvlcdip_02090.tif,6,scientific_publication,L1
rvlcdip_02091,imagesj/j/u/r/jur44e00/2023251666.tif,rvlcdip_02091.tif,6,scientific_publication,L1
rvlcdip_02092,imagese/e/x/e/exe20f00/0000414436.tif,rvlcdip_02092.tif,7,specification,L4
rvlcdip_02093,imagesl/l/m/h/lmh60e00/92750209.tif,rvlcdip_02093.tif,8,file_folder,L1
rvlcdip_02094,imagesu/u/u/j/uuj99e00/0000394674.tif,rvlcdip_02094.tif,15,memo,L2
rvlcdip_02095,imagesf/f/y/h/fyh93c00/2060927213.tif,rvlcdip_02095.tif,1,form,L4
rvlcdip_02096,imagese/e/j/h/ejh17e00/2031315996.tif,rvlcdip_02096.tif,7,specification,L4
rvlcdip_02097,imagest/t/n/p/tnp49c00/2505121077_1081.tif,rvlcdip_02097.tif,5,scientific_report,L1
rvlcdip_02098,imagesq/q/h/o/qho93e00/2041439906.tif,rvlcdip_02098.tif,15,memo,L2
rvlcdip_02099,imagesf/f/t/c/ftc32e00/2501582744.tif,rvlcdip_02099.tif,1,form,L4
rvlcdip_02100,imagese/e/c/j/ecj53c00/94269373_9374.tif,rvlcdip_02100.tif,10,budget,L3
rvlcdip_02101,imagesv/v/g/z/vgz35e00/2040765936.tif,rvlcdip_02101.tif,10,budget,L3
rvlcdip_02102,imagesb/b/f/n/bfn02e00/2028821561.tif,rvlcdip_02102.tif,1,form,L4
rvlcdip_02103,imagesc/c/o/z/coz25a00/81869754.tif,rvlcdip_02103.tif,2,email,L2
rvlcdip_02104,imagesk/k/k/i/kki59c00/50279989-9989.tif,rvlcdip_02104.tif,6,scientific_publication,L1
rvlcdip_02105,imagesz/z/s/y/zsy72c00/2078706519.tif,rvlcdip_02105.tif,2,email,L2
rvlcdip_02106,imagesa/a/h/l/ahl17e00/2031320287.tif,rvlcdip_02106.tif,7,specification,L4
rvlcdip_02107,imagesm/m/s/p/msp53e00/2022238568_2022238572.tif,rvlcdip_02107.tif,15,memo,L2
rvlcdip_02108,imagesg/g/k/s/gks81e00/01335708_01335743.tif,rvlcdip_02108.tif,5,scientific_report,L1
rvlcdip_02109,imagesp/p/a/u/pau10a00/10064774_10064775.tif,rvlcdip_02109.tif,6,scientific_publication,L1
rvlcdip_02110,imagesj/j/e/z/jez98e00/2029377647.tif,rvlcdip_02110.tif,11,invoice,L3
rvlcdip_02111,imagesh/h/i/h/hih77d00/2064282260.tif,rvlcdip_02111.tif,1,form,L4
rvlcdip_02112,imagesb/b/y/r/byr67d00/2048406835.tif,rvlcdip_02112.tif,11,invoice,L3
rvlcdip_02113,imagese/e/h/s/ehs23d00/512983271.tif,rvlcdip_02113.tif,11,invoice,L3
rvlcdip_02114,imagesq/q/q/s/qqs41c00/2085771947.tif,rvlcdip_02114.tif,2,email,L2
rvlcdip_02115,imagesr/r/h/c/rhc10f00/0000546711.tif,rvlcdip_02115.tif,15,memo,L2
rvlcdip_02116,imagesf/f/j/o/fjo22f00/04002338_04002339.tif,rvlcdip_02116.tif,10,budget,L3
rvlcdip_02117,imagesd/d/q/l/dql57e00/2030975705.tif,rvlcdip_02117.tif,8,file_folder,L1
rvlcdip_02118,imagesp/p/t/f/ptf29e00/2501335261.tif,rvlcdip_02118.tif,5,scientific_report,L1
rvlcdip_02119,imagesc/c/v/n/cvn20a00/10166978.tif,rvlcdip_02119.tif,8,file_folder,L1
rvlcdip_02120,imagesv/v/l/y/vly54a00/89991820.tif,rvlcdip_02120.tif,5,scientific_report,L1
rvlcdip_02121,imagesr/r/q/c/rqc30a00/60001112.tif,rvlcdip_02121.tif,6,scientific_publication,L1
rvlcdip_02122,imagesr/r/q/t/rqt70e00/89586090.tif,rvlcdip_02122.tif,8,file_folder,L1
rvlcdip_02123,imagesv/v/n/i/vni15a00/528794467+-4471.tif,rvlcdip_02123.tif,2,email,L2
rvlcdip_02124,imagesy/y/r/i/yri04c00/2065094190_4202.tif,rvlcdip_02124.tif,5,scientific_report,L1
rvlcdip_02125,imagesd/d/x/a/dxa04e00/2040764771_2040764774.tif,rvlcdip_02125.tif,10,budget,L3
rvlcdip_02126,imagesq/q/e/b/qeb88e00/2026193543.tif,rvlcdip_02126.tif,1,form,L4
rvlcdip_02127,imagesr/r/g/u/rgu81e00/01322840.tif,rvlcdip_02127.tif,10,budget,L3
rvlcdip_02128,imagesz/z/h/a/zha19c00/2505287006_7010.tif,rvlcdip_02128.tif,6,scientific_publication,L1
rvlcdip_02129,imagesp/p/y/h/pyh86d00/ti15732006_2007.tif,rvlcdip_02129.tif,0,letter,L2
rvlcdip_02130,imagese/e/w/b/ewb55c00/2076083227_3228.tif,rvlcdip_02130.tif,5,scientific_report,L1
rvlcdip_02131,imagesu/u/c/z/ucz98e00/2029377691.tif,rvlcdip_02131.tif,11,invoice,L3
rvlcdip_02132,imagesy/y/q/x/yqx35e00/2040956710.tif,rvlcdip_02132.tif,10,budget,L3
rvlcdip_02133,imageso/o/i/s/ois72c00/2078377560c.tif,rvlcdip_02133.tif,2,email,L2
rvlcdip_02134,imagesz/z/a/m/zam06d00/50511131-1140.tif,rvlcdip_02134.tif,6,scientific_publication,L1
rvlcdip_02135,imagesg/g/o/i/goi15e00/2022926658.tif,rvlcdip_02135.tif,15,memo,L2
rvlcdip_02136,imagesp/p/x/f/pxf41c00/2085757237b.tif,rvlcdip_02136.tif,2,email,L2
rvlcdip_02137,imagesa/a/p/b/apb00d00/50310862-0862.tif,rvlcdip_02137.tif,8,file_folder,L1
rvlcdip_02138,imagesx/x/i/q/xiq17e00/2031296290.tif,rvlcdip_02138.tif,7,specification,L4
rvlcdip_02139,imageso/o/w/v/owv35f00/0060203689.tif,rvlcdip_02139.tif,11,invoice,L3
rvlcdip_02140,imagesb/b/d/s/bds33a00/504548894+-8894.tif,rvlcdip_02140.tif,7,specification,L4
rvlcdip_02141,imagesw/w/w/d/wwd82c00/2078784524.tif,rvlcdip_02141.tif,2,email,L2
rvlcdip_02142,imagesj/j/b/l/jbl98e00/2024257900.tif,rvlcdip_02142.tif,6,scientific_publication,L1
rvlcdip_02143,imagesj/j/y/w/jyw41c00/2085775634.tif,rvlcdip_02143.tif,2,email,L2
rvlcdip_02144,imagesk/k/y/h/kyh33e00/2503000326.tif,rvlcdip_02144.tif,8,file_folder,L1
rvlcdip_02145,imagesv/v/k/e/vke93f00/0000978448.tif,rvlcdip_02145.tif,11,invoice,L3
rvlcdip_02146,imagesj/j/i/s/jis22c00/2069734639.tif,rvlcdip_02146.tif,7,specification,L4
rvlcdip_02147,imageso/o/v/h/ovh99e00/0000400087.tif,rvlcdip_02147.tif,10,budget,L3
rvlcdip_02148,imageso/o/n/l/onl35a00/98617859.tif,rvlcdip_02148.tif,10,budget,L3
rvlcdip_02149,imagesj/j/h/n/jhn62d00/81749873_9874.tif,rvlcdip_02149.tif,11,invoice,L3
rvlcdip_02150,imagesk/k/y/z/kyz15a00/528373199+-3202.tif,rvlcdip_02150.tif,2,email,L2
rvlcdip_02151,imagesj/j/i/s/jis82c00/2081093829.tif,rvlcdip_02151.tif,1,form,L4
rvlcdip_02152,imagesv/v/f/g/vfg17d00/ti11121420.tif,rvlcdip_02152.tif,15,memo,L2
rvlcdip_02153,imagesc/c/p/c/cpc81a00/2057487823_2057487824.tif,rvlcdip_02153.tif,7,specification,L4
rvlcdip_02154,imagesb/b/n/y/bny54a00/89989809_9816.tif,rvlcdip_02154.tif,5,scientific_report,L1
rvlcdip_02155,imagesb/b/u/u/buu92d00/515477773.tif,rvlcdip_02155.tif,0,letter,L2
rvlcdip_02156,imagesu/u/j/g/ujg75c00/2080151004a.tif,rvlcdip_02156.tif,2,email,L2
rvlcdip_02157,imagesa/a/w/k/awk81c00/2505355135.tif,rvlcdip_02157.tif,5,scientific_report,L1
rvlcdip_02158,imagese/e/f/r/efr52d00/2501721274_1279.tif,rvlcdip_02158.tif,6,scientific_publication,L1
rvlcdip_02159,imagesq/q/e/i/qei83d00/509062488_509062493.tif,rvlcdip_02159.tif,7,specification,L4
rvlcdip_02160,imagese/e/m/q/emq22c00/2069733382.tif,rvlcdip_02160.tif,7,specification,L4
rvlcdip_02161,imagesz/z/b/h/zbh17d00/tnwl0009757.tif,rvlcdip_02161.tif,10,budget,L3
rvlcdip_02162,imagesi/i/w/f/iwf15c00/2081335704.tif,rvlcdip_02162.tif,8,file_folder,L1
rvlcdip_02163,imagesj/j/x/a/jxa21f00/0001231933.tif,rvlcdip_02163.tif,15,memo,L2
rvlcdip_02164,imagesv/v/t/c/vtc02f00/okl00203.83.tif,rvlcdip_02164.tif,10,budget,L3
rvlcdip_02165,imagesr/r/e/i/rei50f00/0000252662.tif,rvlcdip_02165.tif,15,memo,L2
rvlcdip_02166,imagesb/b/r/w/brw63c00/2065466615.tif,rvlcdip_02166.tif,11,invoice,L3
rvlcdip_02167,imagesl/l/f/t/lft41c00/2085773298a.tif,rvlcdip_02167.tif,2,email,L2
rvlcdip_02168,imagesq/q/y/o/qyo62c00/2077578338.tif,rvlcdip_02168.tif,1,form,L4
rvlcdip_02169,imagesf/f/t/v/ftv90e00/88909592.tif,rvlcdip_02169.tif,5,scientific_report,L1
rvlcdip_02170,imagesa/a/x/d/axd81a00/2057938741.tif,rvlcdip_02170.tif,7,specification,L4
rvlcdip_02171,imagesr/r/b/e/rbe67e00/2037031899.tif,rvlcdip_02171.tif,11,invoice,L3
rvlcdip_02172,imagesv/v/g/r/vgr46e00/2028441514.tif,rvlcdip_02172.tif,10,budget,L3
rvlcdip_02173,imagesp/p/m/b/pmb00f00/0000051993.tif,rvlcdip_02173.tif,7,specification,L4
rvlcdip_02174,imagesy/y/k/g/ykg22d00/1003842324_2338.tif,rvlcdip_02174.tif,6,scientific_publication,L1
rvlcdip_02175,imagesk/k/g/f/kgf02a00/2022256565.tif,rvlcdip_02175.tif,15,memo,L2
rvlcdip_02176,imagesy/y/o/f/yof43c00/99401488.tif,rvlcdip_02176.tif,11,invoice,L3
rvlcdip_02177,imagesk/k/t/u/ktu19d00/502199405+-9405.tif,rvlcdip_02177.tif,7,specification,L4
rvlcdip_02178,imagesd/d/p/e/dpe64a00/89390187_0334.tif,rvlcdip_02178.tif,5,scientific_report,L1
rvlcdip_02179,imagesv/v/z/a/vza52d00/2023840171.tif,rvlcdip_02179.tif,1,form,L4
rvlcdip_02180,imagesw/w/e/u/weu54c00/01811175_1176.tif,rvlcdip_02180.tif,15,memo,L2
rvlcdip_02181,imagesx/x/u/b/xub65c00/2069717009.tif,rvlcdip_02181.tif,7,specification,L4
rvlcdip_02182,imagesi/i/y/b/iyb55f00/0060082103.tif,rvlcdip_02182.tif,11,invoice,L3
rvlcdip_02183,imagesc/c/b/w/cbw11e00/87149171_87149174.tif,rvlcdip_02183.tif,11,invoice,L3
rvlcdip_02184,imagesn/n/w/c/nwc94c00/93800501_0502.tif,rvlcdip_02184.tif,0,letter,L2
rvlcdip_02185,imagesh/h/h/g/hhg77c00/2505953431.tif,rvlcdip_02185.tif,2,email,L2
rvlcdip_02186,imagesy/y/b/x/ybx10a00/10073961_10073968.tif,rvlcdip_02186.tif,5,scientific_report,L1
rvlcdip_02187,imagesi/i/w/c/iwc30c00/2081183849d_3850.tif,rvlcdip_02187.tif,2,email,L2
rvlcdip_02188,imagese/e/l/n/eln67e00/2063604426.tif,rvlcdip_02188.tif,1,form,L4
rvlcdip_02189,imagesh/h/j/o/hjo25c00/2505301578_1584.tif,rvlcdip_02189.tif,6,scientific_publication,L1
rvlcdip_02190,imagese/e/m/x/emx00c00/2085125425a.tif,rvlcdip_02190.tif,2,email,L2
rvlcdip_02191,imagesu/u/r/q/urq50d00/524266171+-6171.tif,rvlcdip_02191.tif,0,letter,L2
rvlcdip_02192,imagest/t/h/v/thv05c00/2081777123.tif,rvlcdip_02192.tif,8,file_folder,L1
rvlcdip_02193,imagesz/z/j/v/zjv19d00/502197662.tif,rvlcdip_02193.tif,11,invoice,L3
rvlcdip_02194,imagesc/c/t/n/ctn02e00/2028747471_2028747472.tif,rvlcdip_02194.tif,11,invoice,L3
rvlcdip_02195,imagesi/i/h/y/ihy79e00/0000178231.tif,rvlcdip_02195.tif,15,memo,L2
rvlcdip_02196,imagesc/c/l/h/clh01e00/88062445.tif,rvlcdip_02196.tif,11,invoice,L3
rvlcdip_02197,imagesc/c/k/a/cka34a00/2067657729.tif,rvlcdip_02197.tif,8,file_folder,L1
rvlcdip_02198,imagesy/y/z/g/yzg52c00/2074280325.tif,rvlcdip_02198.tif,1,form,L4
rvlcdip_02199,imagesr/r/t/z/rtz1aa00/10078993_10079005.tif,rvlcdip_02199.tif,6,scientific_publication,L1
rvlcdip_02200,imagesm/m/q/d/mqd11e00/87248768.tif,rvlcdip_02200.tif,6,scientific_publication,L1
rvlcdip_02201,imagest/t/f/z/tfz07e00/2031305562.tif,rvlcdip_02201.tif,7,specification,L4
rvlcdip_02202,imagesj/j/m/z/jmz12f00/24012079.tif,rvlcdip_02202.tif,10,budget,L3
rvlcdip_02203,imagesu/u/a/y/uay96e00/2061546815.tif,rvlcdip_02203.tif,10,budget,L3
rvlcdip_02204,imagesp/p/f/n/pfn09d00/50447162-7162.tif,rvlcdip_02204.tif,8,file_folder,L1
rvlcdip_02205,imagesf/f/h/d/fhd7aa00/50016572.tif,rvlcdip_02205.tif,0,letter,L2
rvlcdip_02206,imagesx/x/o/b/xob91e00/01407355_01407359.tif,rvlcdip_02206.tif,15,memo,L2
rvlcdip_02207,imagesd/d/j/l/djl13f00/0000431595.tif,rvlcdip_02207.tif,10,budget,L3
rvlcdip_02208,imagesh/h/s/f/hsf43e00/2041555727.tif,rvlcdip_02208.tif,8,file_folder,L1
rvlcdip_02209,imagesy/y/r/c/yrc21e00/87107827_87107861.tif,rvlcdip_02209.tif,5,scientific_report,L1
rvlcdip_02210,imagesl/l/y/t/lyt01e00/87064273.tif,rvlcdip_02210.tif,11,invoice,L3
rvlcdip_02211,imagese/e/g/h/egh36e00/2046522877_2046522881.tif,rvlcdip_02211.tif,6,scientific_publication,L1
rvlcdip_02212,imagesl/l/x/u/lxu43e00/2000456485.tif,rvlcdip_02212.tif,8,file_folder,L1
rvlcdip_02213,imagese/e/k/j/ekj91a00/2059091844.tif,rvlcdip_02213.tif,8,file_folder,L1
rvlcdip_02214,imagesu/u/m/u/umu04c00/2063447470_7471.tif,rvlcdip_02214.tif,15,memo,L2
rvlcdip_02215,imagest/t/u/x/tux09e00/2047664097.tif,rvlcdip_02215.tif,8,file_folder,L1
rvlcdip_02216,imagest/t/e/f/tef42e00/2063046659.tif,rvlcdip_02216.tif,1,form,L4
rvlcdip_02217,imagesi/i/b/t/ibt41f00/0000962547.tif,rvlcdip_02217.tif,15,memo,L2
rvlcdip_02218,imagest/t/r/c/trc46d00/50682808-2808.tif,rvlcdip_02218.tif,11,invoice,L3
rvlcdip_02219,imagesq/q/w/p/qwp4aa00/10413726.tif,rvlcdip_02219.tif,6,scientific_publication,L1
rvlcdip_02220,imagesv/v/x/t/vxt53f00/0001219880.tif,rvlcdip_02220.tif,11,invoice,L3
rvlcdip_02221,imagesq/q/m/h/qmh1aa00/10028448.tif,rvlcdip_02221.tif,6,scientific_publication,L1
rvlcdip_02222,imagesk/k/z/h/kzh58c00/93242579_2580.tif,rvlcdip_02222.tif,15,memo,L2
rvlcdip_02223,imagesq/q/q/o/qqo29d00/501973000.tif,rvlcdip_02223.tif,0,letter,L2
rvlcdip_02224,imageso/o/s/c/osc10a00/10354944_10354946.tif,rvlcdip_02224.tif,6,scientific_publication,L1
rvlcdip_02225,imagesh/h/v/d/hvd74e00/1000011447.tif,rvlcdip_02225.tif,10,budget,L3
rvlcdip_02226,imagesi/i/o/f/iof95a00/3000179953.tif,rvlcdip_02226.tif,8,file_folder,L1
rvlcdip_02227,imagesw/w/p/y/wpy17e00/2024489905.tif,rvlcdip_02227.tif,10,budget,L3
rvlcdip_02228,imagesi/i/t/e/ite16d00/50550974-0977.tif,rvlcdip_02228.tif,6,scientific_publication,L1
rvlcdip_02229,imagesw/w/h/n/whn15e00/2026369428.tif,rvlcdip_02229.tif,11,invoice,L3
rvlcdip_02230,imagesf/f/a/m/fam64e00/1001805417_1001805437.tif,rvlcdip_02230.tif,5,scientific_report,L1
rvlcdip_02231,imagesk/k/y/e/kye10f00/0000540785.tif,rvlcdip_02231.tif,7,specification,L4
rvlcdip_02232,imagesr/r/n/s/rns02f00/ton05007.37.tif,rvlcdip_02232.tif,10,budget,L3
rvlcdip_02233,imagesy/y/d/z/ydz74d00/506246191_506246199.tif,rvlcdip_02233.tif,11,invoice,L3
rvlcdip_02234,imagesq/q/m/v/qmv06c00/2048194777.tif,rvlcdip_02234.tif,0,letter,L2
rvlcdip_02235,imagesc/c/o/u/cou08d00/2064500656.tif,rvlcdip_02235.tif,1,form,L4
rvlcdip_02236,imagesz/z/h/k/zhk36d00/50549332-9337.tif,rvlcdip_02236.tif,6,scientific_publication,L1
rvlcdip_02237,imagesx/x/z/y/xzy12f00/24012388.tif,rvlcdip_02237.tif,10,budget,L3
rvlcdip_02238,imagesc/c/l/b/clb84d00/506228604.tif,rvlcdip_02238.tif,0,letter,L2
rvlcdip_02239,imageso/o/l/k/olk88c00/00960854_0868.tif,rvlcdip_02239.tif,5,scientific_report,L1
rvlcdip_02240,imageso/o/b/j/obj44c00/87122023_2037.tif,rvlcdip_02240.tif,6,scientific_publication,L1
rvlcdip_02241,imagesk/k/x/c/kxc81c00/2501909462_9472.tif,rvlcdip_02241.tif,6,scientific_publication,L1
rvlcdip_02242,imagesb/b/w/b/bwb23f00/0000168273.tif,rvlcdip_02242.tif,10,budget,L3
rvlcdip_02243,imagesz/z/h/o/zho22c00/2069731871.tif,rvlcdip_02243.tif,7,specification,L4
rvlcdip_02244,imagesu/u/r/d/urd10c00/2085134763b.tif,rvlcdip_02244.tif,2,email,L2
rvlcdip_02245,imagesv/v/k/a/vka91e00/03831120.tif,rvlcdip_02245.tif,15,memo,L2
rvlcdip_02246,imagesn/n/d/a/nda91f00/2501124247_2501124255.tif,rvlcdip_02246.tif,5,scientific_report,L1
rvlcdip_02247,imagesd/d/t/w/dtw05c00/2083131343.tif,rvlcdip_02247.tif,8,file_folder,L1
rvlcdip_02248,imagesr/r/a/t/rat71d00/13025566.tif,rvlcdip_02248.tif,15,memo,L2
rvlcdip_02249,imagesb/b/i/s/bis78e00/2023515814_2023515821.tif,rvlcdip_02249.tif,6,scientific_publication,L1
rvlcdip_02250,imagesy/y/r/l/yrl93a00/522777919+-7921.tif,rvlcdip_02250.tif,0,letter,L2
rvlcdip_02251,imagesw/w/r/l/wrl90c00/12846158.tif,rvlcdip_02251.tif,15,memo,L2
rvlcdip_02252,imagesg/g/w/p/gwp66c00/2069718329.tif,rvlcdip_02252.tif,7,specification,L4
rvlcdip_02253,imagesf/f/x/t/fxt34a00/2067238882.tif,rvlcdip_02253.tif,2,email,L2
rvlcdip_02254,imagest/t/v/j/tvj47e00/2030354208.tif,rvlcdip_02254.tif,8,file_folder,L1
rvlcdip_02255,imagesn/n/g/s/ngs77c00/504083681+-3681.tif,rvlcdip_02255.tif,7,specification,L4
rvlcdip_02256,imagese/e/w/t/ewt92e00/2046258375.tif,rvlcdip_02256.tif,8,file_folder,L1
rvlcdip_02257,imagest/t/i/j/tij51a00/0071081135.tif,rvlcdip_02257.tif,0,letter,L2
rvlcdip_02258,imagesi/i/o/k/iok55e00/2045467495.tif,rvlcdip_02258.tif,10,budget,L3
rvlcdip_02259,imagesi/i/q/o/iqo64a00/83507475_7506.tif,rvlcdip_02259.tif,5,scientific_report,L1
rvlcdip_02260,imagesy/y/d/p/ydp94c00/2065424121.tif,rvlcdip_02260.tif,10,budget,L3
rvlcdip_02261,imagesj/j/n/b/jnb52c00/2074104029.tif,rvlcdip_02261.tif,11,invoice,L3
rvlcdip_02262,imagesb/b/k/k/bkk11c00/71291954.tif,rvlcdip_02262.tif,8,file_folder,L1
rvlcdip_02263,imagesi/i/w/p/iwp65e00/2045211404.tif,rvlcdip_02263.tif,8,file_folder,L1
rvlcdip_02264,imagesf/f/f/u/ffu71a00/2057466424_2057466426.tif,rvlcdip_02264.tif,7,specification,L4
rvlcdip_02265,imagesf/f/v/j/fvj68e00/2010048676.tif,rvlcdip_02265.tif,10,budget,L3
rvlcdip_02266,imagesa/a/n/q/anq25c00/2505293117_3121.tif,rvlcdip_02266.tif,6,scientific_publication,L1
rvlcdip_02267,imagesk/k/s/x/ksx30e00/87126436.tif,rvlcdip_02267.tif,5,scientific_report,L1
rvlcdip_02268,imagesx/x/r/q/xrq16e00/2053453778.tif,rvlcdip_02268.tif,7,specification,L4
rvlcdip_02269,imagesu/u/j/n/ujn04f00/0000291542.tif,rvlcdip_02269.tif,15,memo,L2
rvlcdip_02270,imagesp/p/o/d/pod07d00/tnwl0044409.tif,rvlcdip_02270.tif,10,budget,L3
rvlcdip_02271,imagesk/k/u/l/kul77e00/2030845470.tif,rvlcdip_02271.tif,8,file_folder,L1
rvlcdip_02272,imagesx/x/n/k/xnk50e00/92577973.tif,rvlcdip_02272.tif,11,invoice,L3
rvlcdip_02273,imagesm/m/n/z/mnz14c00/2048874275.tif,rvlcdip_02273.tif,15,memo,L2
rvlcdip_02274,imagesu/u/w/z/uwz81c00/2082048213_8214.tif,rvlcdip_02274.tif,2,email,L2
rvlcdip_02275,imagesl/l/v/x/lvx65c00/2081111258a.tif,rvlcdip_02275.tif,2,email,L2
rvlcdip_02276,imagesl/l/i/i/lii00f00/0000081062.tif,rvlcdip_02276.tif,7,specification,L4
rvlcdip_02277,imagese/e/t/c/etc02f00/okl00203.56.tif,rvlcdip_02277.tif,10,budget,L3
rvlcdip_02278,imagesk/k/o/l/kol33f00/0012179852.tif,rvlcdip_02278.tif,7,specification,L4
rvlcdip_02279,imagesw/w/z/h/wzh43a00/89000723.tif,rvlcdip_02279.tif,11,invoice,L3
rvlcdip_02280,imagest/t/u/h/tuh81e00/03536191.tif,rvlcdip_02280.tif,0,letter,L2
rvlcdip_02281,imagesk/k/x/r/kxr38e00/1000876722.tif,rvlcdip_02281.tif,15,memo,L2
rvlcdip_02282,imagesz/z/x/e/zxe25e00/2028582570.tif,rvlcdip_02282.tif,11,invoice,L3
rvlcdip_02283,imagesh/h/y/b/hyb66c00/2075044602.tif,rvlcdip_02283.tif,1,form,L4
rvlcdip_02284,imagesk/k/k/f/kkf53f00/0001484599.tif,rvlcdip_02284.tif,15,memo,L2
rvlcdip_02285,imagesj/j/n/e/jne42f00/94009504_94009505.tif,rvlcdip_02285.tif,10,budget,L3
rvlcdip_02286,imagesp/p/p/r/ppr02e00/2028729053.tif,rvlcdip_02286.tif,11,invoice,L3
rvlcdip_02287,imagesw/w/d/m/wdm64a00/88219928_9934.tif,rvlcdip_02287.tif,5,scientific_report,L1
rvlcdip_02288,imagesk/k/b/u/kbu55c00/2082647371b.tif,rvlcdip_02288.tif,2,email,L2
rvlcdip_02289,imagesi/i/r/o/iro05e00/2040798719.tif,rvlcdip_02289.tif,10,budget,L3
rvlcdip_02290,imagesx/x/a/g/xag50f00/0000447575.tif,rvlcdip_02290.tif,10,budget,L3
rvlcdip_02291,imagesj/j/p/m/jpm54e00/1001821133.tif,rvlcdip_02291.tif,15,memo,L2
rvlcdip_02292,imagese/e/e/u/eeu62c00/2077792029.tif,rvlcdip_02292.tif,2,email,L2
rvlcdip_02293,imagesq/q/n/j/qnj97e00/1000047203.tif,rvlcdip_02293.tif,11,invoice,L3
rvlcdip_02294,imagesp/p/d/w/pdw98c00/89701230_1263.tif,rvlcdip_02294.tif,10,budget,L3
rvlcdip_02295,imageso/o/h/u/ohu52c00/2075771822.tif,rvlcdip_02295.tif,1,form,L4
rvlcdip_02296,imagesi/i/a/h/iah77c00/2505955021.tif,rvlcdip_02296.tif,6,scientific_publication,L1
rvlcdip_02297,imagesb/b/e/s/bes06e00/2049431531.tif,rvlcdip_02297.tif,10,budget,L3
rvlcdip_02298,imagese/e/y/l/eyl59e00/2024477029.tif,rvlcdip_02298.tif,15,memo,L2
rvlcdip_02299,imagesc/c/h/r/chr44e00/2021348246.tif,rvlcdip_02299.tif,10,budget,L3
rvlcdip_02300,imagesh/h/m/p/hmp05a00/530270791+-0791.tif,rvlcdip_02300.tif,2,email,L2
rvlcdip_02301,imagese/e/z/p/ezp21a00/0071018994.tif,rvlcdip_02301.tif,8,file_folder,L1
rvlcdip_02302,imagesm/m/d/f/mdf45f00/0060050641.tif,rvlcdip_02302.tif,11,invoice,L3
rvlcdip_02303,imagesd/d/x/v/dxv79c00/50237571-7571.tif,rvlcdip_02303.tif,15,memo,L2
rvlcdip_02304,imagesq/q/q/v/qqv51e00/03758582.tif,rvlcdip_02304.tif,1,form,L4
rvlcdip_02305,imagesh/h/m/d/hmd67d00/2076958111.tif,rvlcdip_02305.tif,2,email,L2
rvlcdip_02306,imagesx/x/o/z/xoz46d00/50313578-3578.tif,rvlcdip_02306.tif,8,file_folder,L1
rvlcdip_02307,imageso/o/o/q/ooq00e00/88115212.tif,rvlcdip_02307.tif,0,letter,L2
rvlcdip_02308,imagesy/y/q/s/yqs43e00/2020175851.tif,rvlcdip_02308.tif,8,file_folder,L1
rvlcdip_02309,imagesp/p/r/g/prg45d00/2063552856.tif,rvlcdip_02309.tif,8,file_folder,L1
rvlcdip_02310,imagesp/p/o/d/pod15a00/528858538+-8539.tif,rvlcdip_02310.tif,2,email,L2
rvlcdip_02311,imagesr/r/y/v/ryv23e00/2025562347.tif,rvlcdip_02311.tif,5,scientific_report,L1
rvlcdip_02312,imagesd/d/y/j/dyj84c00/93128371_8373.tif,rvlcdip_02312.tif,10,budget,L3
rvlcdip_02313,imagesp/p/f/d/pfd15f00/0060197985.tif,rvlcdip_02313.tif,8,file_folder,L1
rvlcdip_02314,imagesh/h/l/f/hlf71a00/2057423708_2057423713.tif,rvlcdip_02314.tif,7,specification,L4
rvlcdip_02315,imagesv/v/x/l/vxl12e00/2028694366.tif,rvlcdip_02315.tif,11,invoice,L3
rvlcdip_02316,imagesp/p/m/w/pmw20c00/2080946692b.tif,rvlcdip_02316.tif,2,email,L2
rvlcdip_02317,imagesd/d/c/e/dce36c00/2078802815b.tif,rvlcdip_02317.tif,2,email,L2
rvlcdip_02318,imagesy/y/l/c/ylc92c00/2081832954.tif,rvlcdip_02318.tif,2,email,L2
rvlcdip_02319,imagesi/i/a/b/iab62c00/2076179767.tif,rvlcdip_02319.tif,2,email,L2
rvlcdip_02320,imageso/o/d/n/odn25e00/2028668326_2028668327.tif,rvlcdip_02320.tif,7,specification,L4
rvlcdip_02321,imagesu/u/p/u/upu26c00/2071382985.tif,rvlcdip_02321.tif,11,invoice,L3
rvlcdip_02322,imagesa/a/v/n/avn25c00/2505302265.tif,rvlcdip_02322.tif,2,email,L2
rvlcdip_02323,imagesw/w/d/h/wdh52c00/2074282649.tif,rvlcdip_02323.tif,11,invoice,L3
rvlcdip_02324,imagesa/a/u/l/aul87e00/2024526067.tif,rvlcdip_02324.tif,11,invoice,L3
rvlcdip_02325,imagesi/i/j/g/ijg60c00/2073347974_7981.tif,rvlcdip_02325.tif,5,scientific_report,L1
rvlcdip_02326,imagesg/g/n/w/gnw59e00/2029047300.tif,rvlcdip_02326.tif,1,form,L4
rvlcdip_02327,imagesr/r/e/r/rer92f00/tob03721.62.tif,rvlcdip_02327.tif,0,letter,L2
rvlcdip_02328,imagesf/f/d/d/fdd56e00/2026188519.tif,rvlcdip_02328.tif,1,form,L4
rvlcdip_02329,imagesb/b/f/n/bfn57e00/2031004296.tif,rvlcdip_02329.tif,8,file_folder,L1
rvlcdip_02330,imagese/e/i/j/eij96d00/tcal0391856_1866.tif,rvlcdip_02330.tif,10,budget,L3
rvlcdip_02331,imagesd/d/n/r/dnr41f00/0000963508.tif,rvlcdip_02331.tif,15,memo,L2
rvlcdip_02332,imageso/o/c/f/ocf10e00/91540630.tif,rvlcdip_02332.tif,0,letter,L2
rvlcdip_02333,imagesg/g/n/s/gns07e00/2031298147.tif,rvlcdip_02333.tif,7,specification,L4
rvlcdip_02334,imagesp/p/m/p/pmp71a00/2057450014_2057450015.tif,rvlcdip_02334.tif,7,specification,L4
rvlcdip_02335,imagesd/d/b/d/dbd43a00/96653342.tif,rvlcdip_02335.tif,10,budget,L3
rvlcdip_02336,imagesc/c/t/k/ctk25c00/2505313035_3037.tif,rvlcdip_02336.tif,6,scientific_publication,L1
rvlcdip_02337,imagesz/z/u/z/zuz64f00/0060273618.tif,rvlcdip_02337.tif,15,memo,L2
rvlcdip_02338,imagesv/v/b/n/vbn94a00/2069750216.tif,rvlcdip_02338.tif,2,email,L2
rvlcdip_02339,imagesk/k/j/u/kju22c00/2069736480.tif,rvlcdip_02339.tif,7,specification,L4
rvlcdip_02340,imagesp/p/f/a/pfa01e00/88483127_88483137.tif,rvlcdip_02340.tif,5,scientific_report,L1
rvlcdip_02341,imagesm/m/n/d/mnd25a00/528084219a-4219r.tif,rvlcdip_02341.tif,2,email,L2
rvlcdip_02342,imagesi/i/b/n/ibn72a00/2021373519.tif,rvlcdip_02342.tif,7,specification,L4
rvlcdip_02343,imagesi/i/c/b/icb28e00/1000006952.tif,rvlcdip_02343.tif,6,scientific_publication,L1
rvlcdip_02344,imagese/e/d/w/edw23f00/0000016550.tif,rvlcdip_02344.tif,10,budget,L3
rvlcdip_02345,imagesy/y/s/t/yst77c00/504544445+-4445.tif,rvlcdip_02345.tif,7,specification,L4
rvlcdip_02346,imagesk/k/g/m/kgm12e00/2028693306.tif,rvlcdip_02346.tif,11,invoice,L3
rvlcdip_02347,imagesu/u/j/u/uju57c00/2073270028.tif,rvlcdip_02347.tif,10,budget,L3
rvlcdip_02348,imagesi/i/p/z/ipz89c00/40005791-5795.tif,rvlcdip_02348.tif,5,scientific_report,L1
rvlcdip_02349,imageso/o/z/e/oze90a00/0060042386.tif,rvlcdip_02349.tif,7,specification,L4
rvlcdip_02350,imagesy/y/f/z/yfz75f00/0060108765.tif,rvlcdip_02350.tif,15,memo,L2
rvlcdip_02351,imagesl/l/a/c/lac56e00/2025490293.tif,rvlcdip_02351.tif,1,form,L4
rvlcdip_02352,imagesu/u/p/m/upm02e00/2028823263.tif,rvlcdip_02352.tif,1,form,L4
rvlcdip_02353,imageso/o/b/o/obo65d00/504525531.tif,rvlcdip_02353.tif,7,specification,L4
rvlcdip_02354,imagesk/k/l/j/klj91e00/00920742.tif,rvlcdip_02354.tif,11,invoice,L3
rvlcdip_02355,imagesx/x/w/e/xwe2aa00/10121836_10121838.tif,rvlcdip_02355.tif,6,scientific_publication,L1
rvlcdip_02356,imagesm/m/w/d/mwd15d00/505624956.tif,rvlcdip_02356.tif,7,specification,L4
rvlcdip_02357,imagese/e/w/v/ewv96c00/CTRCONTRACTS015395-5.tif,rvlcdip_02357.tif,11,invoice,L3
rvlcdip_02358,imagese/e/m/q/emq93e00/2040800699.tif,rvlcdip_02358.tif,10,budget,L3
rvlcdip_02359,imagesn/n/n/q/nnq94c00/2065166543.tif,rvlcdip_02359.tif,11,invoice,L3
rvlcdip_02360,imageso/o/c/l/ocl77e00/2030656070.tif,rvlcdip_02360.tif,10,budget,L3
rvlcdip_02361,imagesa/a/g/s/ags43e00/2021276241.tif,rvlcdip_02361.tif,8,file_folder,L1
rvlcdip_02362,imagesg/g/b/l/gbl85c00/2074288930b_8931.tif,rvlcdip_02362.tif,2,email,L2
rvlcdip_02363,imagesd/d/z/z/dzz85c00/2073684037.tif,rvlcdip_02363.tif,11,invoice,L3
rvlcdip_02364,imagesw/w/s/n/wsn73c00/2065156737_6738.tif,rvlcdip_02364.tif,0,letter,L2
rvlcdip_02365,imagesj/j/s/i/jsi17e00/2031317004.tif,rvlcdip_02365.tif,7,specification,L4
rvlcdip_02366,imagesm/m/p/h/mph99c00/40023771-3792.tif,rvlcdip_02366.tif,5,scientific_report,L1
rvlcdip_02367,imagesu/u/b/s/ubs80c00/2085792691b.tif,rvlcdip_02367.tif,2,email,L2
rvlcdip_02368,imagesj/j/m/t/jmt11c00/71470480.tif,rvlcdip_02368.tif,0,letter,L2
rvlcdip_02369,imagesf/f/k/d/fkd22e00/2501670760_2501670763.tif,rvlcdip_02369.tif,5,scientific_report,L1
rvlcdip_02370,imagesg/g/j/b/gjb74c00/91551460_1461.tif,rvlcdip_02370.tif,11,invoice,L3
rvlcdip_02371,imagesw/w/i/h/wih14c00/2069725820.tif,rvlcdip_02371.tif,7,specification,L4
rvlcdip_02372,imageso/o/f/l/ofl87d00/2065090454.tif,rvlcdip_02372.tif,8,file_folder,L1
rvlcdip_02373,imagesz/z/e/j/zej24c00/2069712277.tif,rvlcdip_02373.tif,7,specification,L4
rvlcdip_02374,imagesl/l/e/q/leq14e00/2024266013.tif,rvlcdip_02374.tif,10,budget,L3
rvlcdip_02375,imagesa/a/a/o/aao43c00/88553600_3601.tif,rvlcdip_02375.tif,10,budget,L3
rvlcdip_02376,imagesf/f/i/p/fip72a00/2020111662.tif,rvlcdip_02376.tif,10,budget,L3
rvlcdip_02377,imagese/e/s/z/esz90a00/0060051034.tif,rvlcdip_02377.tif,1,form,L4
rvlcdip_02378,imagesg/g/v/u/gvu44c00/96652407.tif,rvlcdip_02378.tif,10,budget,L3
rvlcdip_02379,imagesp/p/d/j/pdj71e00/03660208.tif,rvlcdip_02379.tif,11,invoice,L3
rvlcdip_02380,imagesb/b/a/l/bal54a00/92206280.tif,rvlcdip_02380.tif,11,invoice,L3
rvlcdip_02381,imagesx/x/g/p/xgp15e00/2026455969.tif,rvlcdip_02381.tif,1,form,L4
rvlcdip_02382,imagesp/p/d/s/pds21a00/0071020464.tif,rvlcdip_02382.tif,0,letter,L2
rvlcdip_02383,imagese/e/b/o/ebo43e00/2024203745.tif,rvlcdip_02383.tif,8,file_folder,L1
rvlcdip_02384,imagese/e/n/a/ena04e00/2040768194.tif,rvlcdip_02384.tif,10,budget,L3
rvlcdip_02385,imagesu/u/w/g/uwg30e00/88951702_88951728.tif,rvlcdip_02385.tif,5,scientific_report,L1
rvlcdip_02386,imagesw/w/z/t/wzt85c00/2073812830_2831.tif,rvlcdip_02386.tif,15,memo,L2
rvlcdip_02387,imagesw/w/q/v/wqv24e00/2023854949.tif,rvlcdip_02387.tif,1,form,L4
rvlcdip_02388,imagesd/d/m/m/dmm76c00/2077007027.tif,rvlcdip_02388.tif,10,budget,L3
rvlcdip_02389,imagesn/n/l/z/nlz56c00/2075084742.tif,rvlcdip_02389.tif,1,form,L4
rvlcdip_02390,imagesv/v/n/s/vns00a00/60024170.tif,rvlcdip_02390.tif,0,letter,L2
rvlcdip_02391,imagesw/w/v/e/wve25f00/0060112232.tif,rvlcdip_02391.tif,8,file_folder,L1
rvlcdip_02392,imagesg/g/k/e/gke34a00/2067584575.tif,rvlcdip_02392.tif,2,email,L2
rvlcdip_02393,imagesn/n/q/p/nqp14e00/2024271201_2024271205.tif,rvlcdip_02393.tif,10,budget,L3
rvlcdip_02394,imagesp/p/u/q/puq05c00/2505628000.tif,rvlcdip_02394.tif,8,file_folder,L1
rvlcdip_02395,imagesj/j/a/x/jax62c00/2077875893.tif,rvlcdip_02395.tif,1,form,L4
rvlcdip_02396,imagesa/a/t/x/atx04e00/2026458484.tif,rvlcdip_02396.tif,8,file_folder,L1
rvlcdip_02397,imagesu/u/p/m/upm76c00/2077000194.tif,rvlcdip_02397.tif,11,invoice,L3
rvlcdip_02398,imageso/o/f/b/ofb89e00/0000437899.tif,rvlcdip_02398.tif,10,budget,L3
rvlcdip_02399,imagesj/j/e/k/jek52c00/2074650545.tif,rvlcdip_02399.tif,1,form,L4
rvlcdip_02400,imagesj/j/g/o/jgo22f00/04002697.tif,rvlcdip_02400.tif,10,budget,L3
rvlcdip_02401,imagesf/f/k/y/fky54a00/91006942.tif,rvlcdip_02401.tif,15,memo,L2
rvlcdip_02402,imagesb/b/g/x/bgx11e00/87147886.tif,rvlcdip_02402.tif,11,invoice,L3
rvlcdip_02403,imagesf/f/f/h/ffh43e00/2040799838.tif,rvlcdip_02403.tif,8,file_folder,L1
rvlcdip_02404,imagesn/n/p/t/npt07e00/2031299138.tif,rvlcdip_02404.tif,7,specification,L4
rvlcdip_02405,imageso/o/o/a/ooa23d00/513335188+-5189.tif,rvlcdip_02405.tif,11,invoice,L3
rvlcdip_02406,imagesu/u/v/e/uve86d00/ti16310856.tif,rvlcdip_02406.tif,11,invoice,L3
rvlcdip_02407,imagesj/j/p/q/jpq67d00/2048942098.tif,rvlcdip_02407.tif,8,file_folder,L1
rvlcdip_02408,imagest/t/h/c/thc80a00/0060150549.tif,rvlcdip_02408.tif,15,memo,L2
rvlcdip_02409,imagesk/k/k/q/kkq69e00/2029241722.tif,rvlcdip_02409.tif,8,file_folder,L1
rvlcdip_02410,imagesd/d/r/p/drp24e00/2026222375_2026222377.tif,rvlcdip_02410.tif,6,scientific_publication,L1
rvlcdip_02411,imagesb/b/h/i/bhi71c00/2084194459.tif,rvlcdip_02411.tif,2,email,L2
rvlcdip_02412,imagesn/n/d/w/ndw25d00/505173796_505173799.tif,rvlcdip_02412.tif,0,letter,L2
rvlcdip_02413,imagesr/r/j/l/rjl83e00/2029162303_2029162311.tif,rvlcdip_02413.tif,6,scientific_publication,L1
rvlcdip_02414,imagesa/a/b/d/abd18c00/2702800060.tif,rvlcdip_02414.tif,2,email,L2
rvlcdip_02415,imagesf/f/f/o/ffo33e00/2054492000.tif,rvlcdip_02415.tif,8,file_folder,L1
rvlcdip_02416,imagesg/g/d/w/gdw22d00/2502299917_9921.tif,rvlcdip_02416.tif,6,scientific_publication,L1
rvlcdip_02417,imagesg/g/y/r/gyr50e00/91810226-b.tif,rvlcdip_02417.tif,11,invoice,L3
rvlcdip_02418,imagesz/z/u/k/zuk55c00/2082845496a.tif,rvlcdip_02418.tif,2,email,L2
rvlcdip_02419,imagesc/c/y/q/cyq67d00/2048908104.tif,rvlcdip_02419.tif,8,file_folder,L1
rvlcdip_02420,imagesj/j/g/b/jgb60c00/2069751962.tif,rvlcdip_02420.tif,1,form,L4
rvlcdip_02421,imagesw/w/z/b/wzb76e00/2051124329.tif,rvlcdip_02421.tif,15,memo,L2
rvlcdip_02422,imagesu/u/l/u/ulu94a00/2065075181.tif,rvlcdip_02422.tif,15,memo,L2
rvlcdip_02423,imagesp/p/g/b/pgb00d00/50309330-9337.tif,rvlcdip_02423.tif,6,scientific_publication,L1
rvlcdip_02424,imagest/t/o/h/toh20d00/521703034+-3038.tif,rvlcdip_02424.tif,1,form,L4
rvlcdip_02425,imagesg/g/k/t/gkt46e00/2023440145.tif,rvlcdip_02425.tif,15,memo,L2
rvlcdip_02426,imagesp/p/q/p/pqp88e00/2020349723.tif,rvlcdip_02426.tif,15,memo,L2
rvlcdip_02427,imagesr/r/k/x/rkx25a00/81878006.tif,rvlcdip_02427.tif,2,email,L2
rvlcdip_02428,imagesk/k/c/b/kcb09e00/2029371703.tif,rvlcdip_02428.tif,11,invoice,L3
rvlcdip_02429,imagesm/m/u/k/muk96d00/tcal0349695_9696.tif,rvlcdip_02429.tif,10,budget,L3
rvlcdip_02430,imagesn/n/y/m/nym43a00/2505938107.tif,rvlcdip_02430.tif,2,email,L2
rvlcdip_02431,imagesl/l/w/f/lwf09e00/2061668408.tif,rvlcdip_02431.tif,1,form,L4
rvlcdip_02432,imagesm/m/f/y/mfy20e00/92577570.tif,rvlcdip_02432.tif,10,budget,L3
rvlcdip_02433,imagese/e/m/f/emf09c00/93785978.tif,rvlcdip_02433.tif,0,letter,L2
rvlcdip_02434,imagesu/u/z/o/uzo46c00/2082063270d.tif,rvlcdip_02434.tif,2,email,L2
rvlcdip_02435,imagesx/x/c/j/xcj85f00/0060115361.tif,rvlcdip_02435.tif,15,memo,L2
rvlcdip_02436,imagesn/n/m/b/nmb34d00/507361685.tif,rvlcdip_02436.tif,0,letter,L2
rvlcdip_02437,imagesk/k/b/d/kbd79e00/2029154561.tif,rvlcdip_02437.tif,1,form,L4
rvlcdip_02438,imagesy/y/h/a/yha99c00/40007436-7436.tif,rvlcdip_02438.tif,6,scientific_publication,L1
rvlcdip_02439,imagesr/r/s/q/rsq85f00/0060207574.tif,rvlcdip_02439.tif,11,invoice,L3
rvlcdip_02440,imagesk/k/b/f/kbf59c00/PUBLICATIONS030701-0.tif,rvlcdip_02440.tif,6,scientific_publication,L1
rvlcdip_02441,imagesa/a/p/w/apw15a00/528405866+-5867.tif,rvlcdip_02441.tif,2,email,L2
rvlcdip_02442,imagesq/q/e/k/qek08e00/1000721415_1000721416.tif,rvlcdip_02442.tif,0,letter,L2
rvlcdip_02443,imagest/t/o/h/toh05a00/2074861084.tif,rvlcdip_02443.tif,0,letter,L2
rvlcdip_02444,imagesn/n/s/y/nsy18d00/2012611987_2042.tif,rvlcdip_02444.tif,5,scientific_report,L1
rvlcdip_02445,imagesz/z/d/i/zdi38e00/1001826744.tif,rvlcdip_02445.tif,15,memo,L2
rvlcdip_02446,imagesm/m/u/h/muh91a00/2041462515.tif,rvlcdip_02446.tif,10,budget,L3
rvlcdip_02447,imagesy/y/d/k/ydk67d00/2045449676_9677.tif,rvlcdip_02447.tif,1,form,L4
rvlcdip_02448,imagesv/v/k/b/vkb98c00/87026044.tif,rvlcdip_02448.tif,10,budget,L3
rvlcdip_02449,imagesa/a/k/w/akw12e00/2024482384.tif,rvlcdip_02449.tif,0,letter,L2
rvlcdip_02450,imagesn/n/d/w/ndw52e00/2055663901_2055663902.tif,rvlcdip_02450.tif,5,scientific_report,L1
rvlcdip_02451,imagesh/h/m/p/hmp33a00/506487029+-7029.tif,rvlcdip_02451.tif,1,form,L4
rvlcdip_02452,imagesv/v/u/t/vut07d00/tnwl0020616_0638.tif,rvlcdip_02452.tif,10,budget,L3
rvlcdip_02453,imagesz/z/e/r/zer31f00/0001438736.tif,rvlcdip_02453.tif,0,letter,L2
rvlcdip_02454,imagesb/b/m/w/bmw29d00/501877995.tif,rvlcdip_02454.tif,0,letter,L2
rvlcdip_02455,imagesd/d/r/k/drk96d00/tcal0350013_0014.tif,rvlcdip_02455.tif,10,budget,L3
rvlcdip_02456,imagest/t/g/g/tgg51e00/01587335.tif,rvlcdip_02456.tif,0,letter,L2
rvlcdip_02457,imagesd/d/j/v/djv48d00/2063181088.tif,rvlcdip_02457.tif,10,budget,L3
rvlcdip_02458,imageso/o/h/k/ohk53a00/2050185038_5062.tif,rvlcdip_02458.tif,10,budget,L3
rvlcdip_02459,imagesp/p/y/z/pyz85c00/2073683975.tif,rvlcdip_02459.tif,11,invoice,L3
rvlcdip_02460,imagesk/k/m/k/kmk67e00/2063615713.tif,rvlcdip_02460.tif,15,memo,L2
rvlcdip_02461,imagesb/b/c/m/bcm33e00/2057997362.tif,rvlcdip_02461.tif,8,file_folder,L1
rvlcdip_02462,imagese/e/r/s/ers12e00/2024492423.tif,rvlcdip_02462.tif,11,invoice,L3
rvlcdip_02463,imagesi/i/i/p/iip34a00/2067334123.tif,rvlcdip_02463.tif,8,file_folder,L1
rvlcdip_02464,imagesu/u/g/i/ugi39d00/501737355_501737356.tif,rvlcdip_02464.tif,11,invoice,L3
rvlcdip_02465,imagesg/g/d/f/gdf67e00/2063665489.tif,rvlcdip_02465.tif,0,letter,L2
rvlcdip_02466,imagesv/v/z/a/vza43e00/2042529892.tif,rvlcdip_02466.tif,8,file_folder,L1
rvlcdip_02467,imagesf/f/y/o/fyo06e00/2043460297.tif,rvlcdip_02467.tif,1,form,L4
rvlcdip_02468,imagesg/g/b/d/gbd67e00/2037022963.tif,rvlcdip_02468.tif,1,form,L4
rvlcdip_02469,imagest/t/c/d/tcd98c00/87115918_5929.tif,rvlcdip_02469.tif,5,scientific_report,L1
rvlcdip_02470,imagesf/f/q/b/fqb32d00/2501935486_5492.tif,rvlcdip_02470.tif,6,scientific_publication,L1
rvlcdip_02471,imagesf/f/a/s/fas39e00/2501153569.tif,rvlcdip_02471.tif,5,scientific_report,L1
rvlcdip_02472,imagesk/k/j/l/kjl94c00/2505515242_5243.tif,rvlcdip_02472.tif,2,email,L2
rvlcdip_02473,imagesh/h/h/h/hhh71a00/2057429585_2057429587.tif,rvlcdip_02473.tif,7,specification,L4
rvlcdip_02474,imagesq/q/d/c/qdc71d00/504571458+-1458.tif,rvlcdip_02474.tif,7,specification,L4
rvlcdip_02475,imageso/o/j/m/ojm14e00/2025856135.tif,rvlcdip_02475.tif,10,budget,L3
rvlcdip_02476,imagesm/m/s/t/mst61a00/2056694785_2056694787.tif,rvlcdip_02476.tif,10,budget,L3
rvlcdip_02477,imagesf/f/u/g/fug22d00/1002967236_7244.tif,rvlcdip_02477.tif,6,scientific_publication,L1
rvlcdip_02478,imagesz/z/q/i/zqi44a00/87699696_9703.tif,rvlcdip_02478.tif,10,budget,L3
rvlcdip_02479,imagese/e/s/y/esy58c00/00865872.tif,rvlcdip_02479.tif,1,form,L4
rvlcdip_02480,imagesr/r/k/s/rks86d00/tcal0315539.tif,rvlcdip_02480.tif,10,budget,L3
rvlcdip_02481,imagest/t/x/b/txb91f00/2021612350.tif,rvlcdip_02481.tif,1,form,L4
rvlcdip_02482,imagesl/l/d/l/ldl91e00/00905102.tif,rvlcdip_02482.tif,0,letter,L2
rvlcdip_02483,imagesm/m/t/a/mta10f00/0000554940.tif,rvlcdip_02483.tif,10,budget,L3
rvlcdip_02484,imagesk/k/s/m/ksm58e00/2023350912.tif,rvlcdip_02484.tif,15,memo,L2
rvlcdip_02485,imagesb/b/e/m/bem67c00/2076805693.tif,rvlcdip_02485.tif,2,email,L2
rvlcdip_02486,imagesn/n/w/p/nwp26d00/50642032-2032.tif,rvlcdip_02486.tif,15,memo,L2
rvlcdip_02487,imagesh/h/z/c/hzc37e00/2029000483.tif,rvlcdip_02487.tif,8,file_folder,L1
rvlcdip_02488,imagesz/z/w/l/zwl74e00/1000258513.tif,rvlcdip_02488.tif,6,scientific_publication,L1
rvlcdip_02489,imagesp/p/p/r/ppr25c00/2505291397.tif,rvlcdip_02489.tif,1,form,L4
rvlcdip_02490,imagesu/u/x/d/uxd07d00/tnwl0044309.tif,rvlcdip_02490.tif,10,budget,L3
rvlcdip_02491,imagesx/x/g/r/xgr67c00/2078207169.tif,rvlcdip_02491.tif,2,email,L2
rvlcdip_02492,imagesg/g/z/m/gzm67e00/2063605732_2063605738.tif,rvlcdip_02492.tif,6,scientific_publication,L1
rvlcdip_02493,imagesw/w/m/v/wmv92e00/2049420049.tif,rvlcdip_02493.tif,10,budget,L3
rvlcdip_02494,imagesy/y/x/s/yxs44e00/2000827992_2000828007.tif,rvlcdip_02494.tif,5,scientific_report,L1
rvlcdip_02495,imagesf/f/l/s/fls41f00/0000962794.tif,rvlcdip_02495.tif,15,memo,L2
rvlcdip_02496,imagesr/r/g/g/rgg15c00/2081247015.tif,rvlcdip_02496.tif,8,file_folder,L1
rvlcdip_02497,imagesb/b/w/l/bwl92e00/2048523846_2048523847.tif,rvlcdip_02497.tif,10,budget,L3
rvlcdip_02498,imagesz/z/l/j/zlj91e00/00920757.tif,rvlcdip_02498.tif,11,invoice,L3
rvlcdip_02499,imagesw/w/j/p/wjp50c00/2057684888.tif,rvlcdip_02499.tif,7,specification,L4
rvlcdip_02500,imagesu/u/g/f/ugf78e00/2022852176.tif,rvlcdip_02500.tif,15,memo,L2
rvlcdip_02501,imagese/e/j/j/ejj67d00/2041130617_0624.tif,rvlcdip_02501.tif,15,memo,L2
rvlcdip_02502,imagesh/h/o/b/hob94e00/1000326311_1000326314.tif,rvlcdip_02502.tif,10,budget,L3
rvlcdip_02503,imagesv/v/b/y/vby61f00/2000416836.tif,rvlcdip_02503.tif,7,specification,L4
rvlcdip_02504,imagesv/v/n/j/vnj11e00/87065201.tif,rvlcdip_02504.tif,11,invoice,L3
rvlcdip_02505,imagesk/k/r/r/krr53e00/2015062464-a.tif,rvlcdip_02505.tif,11,invoice,L3
rvlcdip_02506,imagesc/c/b/b/cbb71e00/03724950_03724951.tif,rvlcdip_02506.tif,11,invoice,L3
rvlcdip_02507,imagesv/v/o/b/vob56d00/10275236-5236.tif,rvlcdip_02507.tif,11,invoice,L3
rvlcdip_02508,imagesq/q/q/x/qqx45f00/0060041876.tif,rvlcdip_02508.tif,11,invoice,L3
rvlcdip_02509,imagesd/d/d/d/ddd5aa00/11289316_11289318.tif,rvlcdip_02509.tif,0,letter,L2
rvlcdip_02510,imagesl/l/u/o/luo85a00/530901096+-1098.tif,rvlcdip_02510.tif,2,email,L2
rvlcdip_02511,imagesf/f/y/e/fye25f00/0060112293.tif,rvlcdip_02511.tif,7,specification,L4
rvlcdip_02512,imagesz/z/d/p/zdp67e00/2063598039_2063598049.tif,rvlcdip_02512.tif,5,scientific_report,L1
rvlcdip_02513,imagesx/x/u/c/xuc26d00/50547412-7419.tif,rvlcdip_02513.tif,6,scientific_publication,L1
rvlcdip_02514,imagesu/u/g/l/ugl03e00/2043481570.tif,rvlcdip_02514.tif,1,form,L4
rvlcdip_02515,imagesc/c/z/t/czt29e00/2501424417.tif,rvlcdip_02515.tif,1,form,L4
rvlcdip_02516,imagesy/y/x/m/yxm20f00/0011977551.tif,rvlcdip_02516.tif,15,memo,L2
rvlcdip_02517,imagesf/f/a/h/fah01e00/88062912-a.tif,rvlcdip_02517.tif,11,invoice,L3
rvlcdip_02518,imagest/t/m/f/tmf14c00/2069727037.tif,rvlcdip_02518.tif,7,specification,L4
rvlcdip_02519,imagesi/i/k/z/ikz92a00/518639200+-9200.tif,rvlcdip_02519.tif,1,form,L4
rvlcdip_02520,imagesz/z/i/a/zia94a00/2063218660.tif,rvlcdip_02520.tif,8,file_folder,L1
rvlcdip_02521,imagesn/n/m/n/nmn57c00/2072963113.tif,rvlcdip_02521.tif,15,memo,L2
rvlcdip_02522,imagesn/n/v/d/nvd94c00/93855137.tif,rvlcdip_02522.tif,0,letter,L2
rvlcdip_02523,imagesw/w/o/m/wom22e00/2501634705.tif,rvlcdip_02523.tif,6,scientific_publication,L1
rvlcdip_02524,imagesa/a/x/w/axw00a00/10336456_10336459.tif,rvlcdip_02524.tif,6,scientific_publication,L1
rvlcdip_02525,imagesq/q/e/u/qeu37c00/2075565731.tif,rvlcdip_02525.tif,1,form,L4
rvlcdip_02526,imagesq/q/u/s/qus67e00/2063576888.tif,rvlcdip_02526.tif,11,invoice,L3
rvlcdip_02527,imagesz/z/c/f/zcf67c00/2073704328.tif,rvlcdip_02527.tif,15,memo,L2
rvlcdip_02528,imagesl/l/b/x/lbx39e00/2501524975_2501524992.tif,rvlcdip_02528.tif,5,scientific_report,L1
rvlcdip_02529,imagesi/i/a/h/iah43a00/89001668.tif,rvlcdip_02529.tif,11,invoice,L3
rvlcdip_02530,imagesg/g/b/t/gbt74c00/82897983.tif,rvlcdip_02530.tif,10,budget,L3
rvlcdip_02531,imagesl/l/z/n/lzn47e00/2030394216.tif,rvlcdip_02531.tif,11,invoice,L3
rvlcdip_02532,imagesa/a/a/n/aan00e00/92196812_92196814.tif,rvlcdip_02532.tif,11,invoice,L3
rvlcdip_02533,imagesz/z/w/c/zwc34c00/82107068_7070.tif,rvlcdip_02533.tif,15,memo,L2
rvlcdip_02534,imagesj/j/e/r/jer31d00/500400443+-0443.tif,rvlcdip_02534.tif,11,invoice,L3
rvlcdip_02535,imagesm/m/x/d/mxd02e00/2028845248.tif,rvlcdip_02535.tif,1,form,L4
rvlcdip_02536,imagesc/c/m/b/cmb55e00/2051162568.tif,rvlcdip_02536.tif,1,form,L4
rvlcdip_02537,imagesf/f/w/y/fwy44a00/93410614.tif,rvlcdip_02537.tif,10,budget,L3
rvlcdip_02538,imagesy/y/z/h/yzh16d00/50572654-2660.tif,rvlcdip_02538.tif,6,scientific_publication,L1
rvlcdip_02539,imagesm/m/w/m/mwm33d00/512523841_512523843.tif,rvlcdip_02539.tif,7,specification,L4
rvlcdip_02540,imagesc/c/a/x/cax90e00/91083725.tif,rvlcdip_02540.tif,10,budget,L3
rvlcdip_02541,imagesl/l/a/d/lad32c00/2070276053.tif,rvlcdip_02541.tif,1,form,L4
rvlcdip_02542,imagesv/v/h/k/vhk89c00/50269112-9114.tif,rvlcdip_02542.tif,0,letter,L2
rvlcdip_02543,imagesu/u/a/o/uao61e00/03599585.tif,rvlcdip_02543.tif,0,letter,L2
rvlcdip_02544,imagesv/v/d/y/vdy97c00/527796502+-6502.tif,rvlcdip_02544.tif,2,email,L2
rvlcdip_02545,imagesp/p/u/f/puf43e00/2041574201.tif,rvlcdip_02545.tif,8,file_folder,L1
rvlcdip_02546,imagese/e/l/b/elb00f00/0000051953.tif,rvlcdip_02546.tif,7,specification,L4
rvlcdip_02547,imagesz/z/d/j/zdj86d00/ti14580855.tif,rvlcdip_02547.tif,10,budget,L3
rvlcdip_02548,imagesr/r/r/k/rrk72a00/2022228200_8204.tif,rvlcdip_02548.tif,6,scientific_publication,L1
rvlcdip_02549,imagesj/j/j/i/jji45f00/0060022596.tif,rvlcdip_02549.tif,1,form,L4
rvlcdip_02550,imagesd/d/g/f/dgf09c00/93502478.tif,rvlcdip_02550.tif,10,budget,L3
rvlcdip_02551,imagesx/x/n/h/xnh92a00/520212894+-2897.tif,rvlcdip_02551.tif,0,letter,L2
rvlcdip_02552,imagesb/b/o/y/boy60c00/2078252000_2001.tif,rvlcdip_02552.tif,10,budget,L3
rvlcdip_02553,imagesq/q/e/l/qel85c00/2074324255_4263.tif,rvlcdip_02553.tif,5,scientific_report,L1
rvlcdip_02554,imagesi/i/l/k/ilk84c00/95824409.tif,rvlcdip_02554.tif,11,invoice,L3
rvlcdip_02555,imagesw/w/m/h/wmh35f00/0060110731.tif,rvlcdip_02555.tif,8,file_folder,L1
rvlcdip_02556,imagesi/i/z/p/izp89e00/0000137483.tif,rvlcdip_02556.tif,11,invoice,L3
rvlcdip_02557,imagesr/r/h/s/rhs50e00/91810178.tif,rvlcdip_02557.tif,11,invoice,L3
rvlcdip_02558,imagesv/v/c/y/vcy4aa00/11284338.tif,rvlcdip_02558.tif,0,letter,L2
rvlcdip_02559,imagesi/i/n/h/inh13e00/2060546875.tif,rvlcdip_02559.tif,1,form,L4
rvlcdip_02560,imagesk/k/t/w/ktw99c00/50302752-2752.tif,rvlcdip_02560.tif,6,scientific_publication,L1
rvlcdip_02561,imagesh/h/h/l/hhl25c00/2078628541.tif,rvlcdip_02561.tif,15,memo,L2
rvlcdip_02562,imagesi/i/z/e/ize26d00/50565436-5436.tif,rvlcdip_02562.tif,15,memo,L2
rvlcdip_02563,imagesm/m/e/a/mea44d00/506902233.tif,rvlcdip_02563.tif,1,form,L4
rvlcdip_02564,imagesq/q/n/b/qnb54c00/80022189.tif,rvlcdip_02564.tif,15,memo,L2
rvlcdip_02565,imagesj/j/a/e/jae35c00/2063075633a.tif,rvlcdip_02565.tif,2,email,L2
rvlcdip_02566,imagesz/z/v/x/zvx55d00/504700319_504700325.tif,rvlcdip_02566.tif,0,letter,L2
rvlcdip_02567,imagesr/r/b/v/rbv61f00/2015063889.tif,rvlcdip_02567.tif,11,invoice,L3
rvlcdip_02568,imagesm/m/z/s/mzs07d00/tnwl0022524.tif,rvlcdip_02568.tif,10,budget,L3
rvlcdip_02569,imagesb/b/l/q/blq65a00/528957248+-7248.tif,rvlcdip_02569.tif,2,email,L2
rvlcdip_02570,imagesc/c/o/x/cox97d00/2072300302b.tif,rvlcdip_02570.tif,2,email,L2
rvlcdip_02571,imagesm/m/n/a/mna31f00/0001453348.tif,rvlcdip_02571.tif,1,form,L4
rvlcdip_02572,imageso/o/d/m/odm98d00/50386345-6345.tif,rvlcdip_02572.tif,8,file_folder,L1
rvlcdip_02573,imagest/t/s/b/tsb47d00/2070361641a.tif,rvlcdip_02573.tif,2,email,L2
rvlcdip_02574,imagesd/d/f/x/dfx44c00/04238910.tif,rvlcdip_02574.tif,10,budget,L3
rvlcdip_02575,imagesr/r/o/k/rok82f00/tob07711.83.tif,rvlcdip_02575.tif,0,letter,L2
rvlcdip_02576,imagesr/r/w/s/rws23d00/512982122.tif,rvlcdip_02576.tif,1,form,L4
rvlcdip_02577,imagesw/w/l/r/wlr61a00/2054094811_2054094813.tif,rvlcdip_02577.tif,7,specification,L4
rvlcdip_02578,imagesy/y/l/k/ylk14c00/2069724307.tif,rvlcdip_02578.tif,7,specification,L4
rvlcdip_02579,imagesc/c/f/l/cfl84a00/2082177325.tif,rvlcdip_02579.tif,8,file_folder,L1
rvlcdip_02580,imagesn/n/j/g/njg62d00/83545447_5456.tif,rvlcdip_02580.tif,11,invoice,L3
rvlcdip_02581,imagesc/c/w/g/cwg14c00/2069726194.tif,rvlcdip_02581.tif,7,specification,L4
rvlcdip_02582,imagesc/c/x/b/cxb88e00/2020045362.tif,rvlcdip_02582.tif,15,memo,L2
rvlcdip_02583,imagesy/y/i/g/yig42f00/94005039.tif,rvlcdip_02583.tif,10,budget,L3
rvlcdip_02584,imagesb/b/j/f/bjf27d00/2071863867a.tif,rvlcdip_02584.tif,2,email,L2
rvlcdip_02585,imagesm/m/k/g/mkg56c00/2076365848.tif,rvlcdip_02585.tif,1,form,L4
rvlcdip_02586,imagesj/j/q/z/jqz00e00/94231172.tif,rvlcdip_02586.tif,1,form,L4
rvlcdip_02587,imagesd/d/g/p/dgp14a00/82602266_2267.tif,rvlcdip_02587.tif,15,memo,L2
rvlcdip_02588,imagesg/g/s/e/gse72f00/tob10606.97.tif,rvlcdip_02588.tif,15,memo,L2
rvlcdip_02589,imagesw/w/b/s/wbs87c00/509121704+-1711.tif,rvlcdip_02589.tif,7,specification,L4
rvlcdip_02590,imagesn/n/h/z/nhz72c00/2078712094a.tif,rvlcdip_02590.tif,2,email,L2
rvlcdip_02591,imagesm/m/h/j/mhj34e00/2021100729.tif,rvlcdip_02591.tif,8,file_folder,L1
rvlcdip_02592,imagesz/z/n/a/zna61f00/0000998563.tif,rvlcdip_02592.tif,7,specification,L4
rvlcdip_02593,imagest/t/a/j/taj44e00/2021653949_2021653950.tif,rvlcdip_02593.tif,10,budget,L3
rvlcdip_02594,imagesk/k/v/z/kvz88c00/85667305_7306.tif,rvlcdip_02594.tif,0,letter,L2
rvlcdip_02595,imageso/o/i/k/oik65d00/504562750.tif,rvlcdip_02595.tif,7,specification,L4
rvlcdip_02596,imageso/o/n/m/onm08e00/2031448814.tif,rvlcdip_02596.tif,7,specification,L4
rvlcdip_02597,imagesl/l/n/p/lnp47e00/2030402819.tif,rvlcdip_02597.tif,7,specification,L4
rvlcdip_02598,imagesp/p/k/o/pko45d00/2064277864.tif,rvlcdip_02598.tif,1,form,L4
rvlcdip_02599,imagesr/r/u/w/ruw00d00/50354781-4782.tif,rvlcdip_02599.tif,0,letter,L2
rvlcdip_02600,imagesp/p/b/r/pbr92a00/518768657+-8658.tif,rvlcdip_02600.tif,0,letter,L2
rvlcdip_02601,imagesu/u/s/x/usx55f00/0060133228.tif,rvlcdip_02601.tif,15,memo,L2
rvlcdip_02602,imagesv/v/f/d/vfd24e00/2028366098.tif,rvlcdip_02602.tif,1,form,L4
rvlcdip_02603,imagesq/q/g/w/qgw37c00/2076890842_0843.tif,rvlcdip_02603.tif,10,budget,L3
rvlcdip_02604,imagesz/z/a/v/zav00c00/2085124795a.tif,rvlcdip_02604.tif,2,email,L2
rvlcdip_02605,imagesc/c/f/s/cfs06e00/2049431469.tif,rvlcdip_02605.tif,10,budget,L3
rvlcdip_02606,imagese/e/m/i/emi08c00/527838484+-8484.tif,rvlcdip_02606.tif,2,email,L2
rvlcdip_02607,imagest/t/j/u/tju93e00/2040698075_2040698077.tif,rvlcdip_02607.tif,10,budget,L3
rvlcdip_02608,imagesc/c/b/q/cbq21e00/87763240.tif,rvlcdip_02608.tif,8,file_folder,L1
rvlcdip_02609,imagesa/a/m/n/amn59c00/PUBLICATIONS039270-9.tif,rvlcdip_02609.tif,6,scientific_publication,L1
rvlcdip_02610,imagesd/d/d/f/ddf17e00/2031315105.tif,rvlcdip_02610.tif,7,specification,L4
rvlcdip_02611,imagesu/u/r/e/ure06e00/2045845042.tif,rvlcdip_02611.tif,10,budget,L3
rvlcdip_02612,imagesh/h/i/d/hid44c00/87844116_4117.tif,rvlcdip_02612.tif,7,specification,L4
rvlcdip_02613,imagesu/u/u/v/uuv46c00/2081998537b.tif,rvlcdip_02613.tif,2,email,L2
rvlcdip_02614,imagesw/w/n/j/wnj06c00/2072185454b.tif,rvlcdip_02614.tif,2,email,L2
rvlcdip_02615,imagesb/b/f/x/bfx75f00/0060077568.tif,rvlcdip_02615.tif,8,file_folder,L1
rvlcdip_02616,imagesm/m/q/i/mqi20d00/521536950+-6950.tif,rvlcdip_02616.tif,1,form,L4
rvlcdip_02617,imagesj/j/e/u/jeu77c00/504565773+-5773.tif,rvlcdip_02617.tif,7,specification,L4
rvlcdip_02618,imagesr/r/h/j/rhj33e00/2061802306.tif,rvlcdip_02618.tif,8,file_folder,L1
rvlcdip_02619,imagese/e/z/i/ezi91e00/00921331.tif,rvlcdip_02619.tif,11,invoice,L3
rvlcdip_02620,imageso/o/a/o/oao53c00/95602754.tif,rvlcdip_02620.tif,11,invoice,L3
rvlcdip_02621,imagesz/z/q/n/zqn33a00/509100185+-0186.tif,rvlcdip_02621.tif,7,specification,L4
rvlcdip_02622,imagesl/l/s/q/lsq75e00/2049433283.tif,rvlcdip_02622.tif,11,invoice,L3
rvlcdip_02623,imagesr/r/e/q/req34e00/2015059910_2015059920.tif,rvlcdip_02623.tif,6,scientific_publication,L1
rvlcdip_02624,imagesz/z/g/r/zgr30f00/0012218316.tif,rvlcdip_02624.tif,15,memo,L2
rvlcdip_02625,imagest/t/y/f/tyf16e00/2049422438.tif,rvlcdip_02625.tif,10,budget,L3
rvlcdip_02626,imagesa/a/k/s/aks81c00/2081411909_1910.tif,rvlcdip_02626.tif,2,email,L2
rvlcdip_02627,imagesb/b/v/m/bvm74e00/1000251905_1000251906.tif,rvlcdip_02627.tif,5,scientific_report,L1
rvlcdip_02628,imagesf/f/i/y/fiy21f00/0001455044.tif,rvlcdip_02628.tif,15,memo,L2
rvlcdip_02629,imagesn/n/n/v/nnv86c00/2078868702.tif,rvlcdip_02629.tif,2,email,L2
rvlcdip_02630,imagesz/z/l/j/zlj65d00/504571033.tif,rvlcdip_02630.tif,7,specification,L4
rvlcdip_02631,imagesa/a/a/l/aal54a00/92206281.tif,rvlcdip_02631.tif,11,invoice,L3
rvlcdip_02632,imagesc/c/p/v/cpv71e00/01150165_01150166.tif,rvlcdip_02632.tif,6,scientific_publication,L1
rvlcdip_02633,imagesj/j/g/s/jgs90e00/91515215.tif,rvlcdip_02633.tif,11,invoice,L3
rvlcdip_02634,imagesw/w/c/j/wcj15f00/0060170880.tif,rvlcdip_02634.tif,15,memo,L2
rvlcdip_02635,imagesn/n/l/h/nlh1aa00/10028434_10028437.tif,rvlcdip_02635.tif,6,scientific_publication,L1
rvlcdip_02636,imagesh/h/b/o/hbo83e00/2028971187.tif,rvlcdip_02636.tif,5,scientific_report,L1
rvlcdip_02637,imagesl/l/q/n/lqn06d00/50514327-4331.tif,rvlcdip_02637.tif,6,scientific_publication,L1
rvlcdip_02638,imagesp/p/v/k/pvk33e00/2060305903_2060305936.tif,rvlcdip_02638.tif,10,budget,L3
rvlcdip_02639,imagesy/y/p/t/ypt00e00/80703035.tif,rvlcdip_02639.tif,11,invoice,L3
rvlcdip_02640,imagesy/y/h/s/yhs02e00/2028727854.tif,rvlcdip_02640.tif,11,invoice,L3
rvlcdip_02641,imagesh/h/e/u/heu02e00/2028723368.tif,rvlcdip_02641.tif,11,invoice,L3
rvlcdip_02642,imagesu/u/h/z/uhz35e00/2040765905.tif,rvlcdip_02642.tif,10,budget,L3
rvlcdip_02643,imagesn/n/j/j/njj07d00/tnwl0038846.tif,rvlcdip_02643.tif,10,budget,L3
rvlcdip_02644,imagesl/l/r/a/lra34e00/2010067150.tif,rvlcdip_02644.tif,0,letter,L2
rvlcdip_02645,imagesx/x/z/a/xza05c00/2505487497_7502.tif,rvlcdip_02645.tif,6,scientific_publication,L1
rvlcdip_02646,imagesj/j/y/y/jyy33e00/2043629159.tif,rvlcdip_02646.tif,8,file_folder,L1
rvlcdip_02647,imagesq/q/e/h/qeh16e00/2046297187_2046297189.tif,rvlcdip_02647.tif,6,scientific_publication,L1
rvlcdip_02648,imagesk/k/i/l/kil94a00/2069753267_3268.tif,rvlcdip_02648.tif,2,email,L2
rvlcdip_02649,imagesy/y/u/w/yuw01f00/0001255259.tif,rvlcdip_02649.tif,15,memo,L2
rvlcdip_02650,imagesp/p/i/l/pil05e00/2040786995.tif,rvlcdip_02650.tif,10,budget,L3
rvlcdip_02651,imagese/e/m/i/emi15a00/528795157+-5157.tif,rvlcdip_02651.tif,2,email,L2
rvlcdip_02652,imagesh/h/h/f/hhf18e00/1001759794_1001759796.tif,rvlcdip_02652.tif,5,scientific_report,L1
rvlcdip_02653,imagesm/m/r/q/mrq95d00/50467427-7427.tif,rvlcdip_02653.tif,6,scientific_publication,L1
rvlcdip_02654,imagese/e/f/f/eff50e00/00826022.tif,rvlcdip_02654.tif,6,scientific_publication,L1
rvlcdip_02655,imagesf/f/g/y/fgy62f00/tob09909.92.tif,rvlcdip_02655.tif,15,memo,L2
rvlcdip_02656,imagesk/k/q/s/kqs94c00/2085798783a.tif,rvlcdip_02656.tif,2,email,L2
rvlcdip_02657,imagesh/h/g/w/hgw54e00/1004885101_1004885102.tif,rvlcdip_02657.tif,15,memo,L2
rvlcdip_02658,imagesp/p/b/m/pbm53c00/94615442_5443.tif,rvlcdip_02658.tif,7,specification,L4
rvlcdip_02659,imagesc/c/q/b/cqb98e00/2023488618.tif,rvlcdip_02659.tif,1,form,L4
rvlcdip_02660,imagesu/u/o/u/uou37d00/2070690669.tif,rvlcdip_02660.tif,1,form,L4
rvlcdip_02661,imagesg/g/i/w/giw05c00/2082712989.tif,rvlcdip_02661.tif,8,file_folder,L1
rvlcdip_02662,imagesp/p/t/d/ptd85a00/531638154+-8157.tif,rvlcdip_02662.tif,2,email,L2
rvlcdip_02663,imagesw/w/h/g/whg05c00/2505467954_7959.tif,rvlcdip_02663.tif,6,scientific_publication,L1
rvlcdip_02664,imagesz/z/r/c/zrc73c00/2065418893_8905.tif,rvlcdip_02664.tif,6,scientific_publication,L1
rvlcdip_02665,imagesk/k/j/f/kjf10a00/10374701.tif,rvlcdip_02665.tif,0,letter,L2
rvlcdip_02666,imagesz/z/b/j/zbj96e00/2057671001.tif,rvlcdip_02666.tif,7,specification,L4
rvlcdip_02667,imagese/e/q/n/eqn37e00/2028972617.tif,rvlcdip_02667.tif,1,form,L4
rvlcdip_02668,imagesc/c/r/r/crr4aa00/10416663.tif,rvlcdip_02668.tif,6,scientific_publication,L1
rvlcdip_02669,imagesl/l/x/a/lxa03e00/2045222066.tif,rvlcdip_02669.tif,15,memo,L2
rvlcdip_02670,imagesk/k/a/j/kaj47c00/2084022177.tif,rvlcdip_02670.tif,11,invoice,L3
rvlcdip_02671,imagest/t/l/q/tlq03c00/524701192+-1192.tif,rvlcdip_02671.tif,0,letter,L2
rvlcdip_02672,imagesp/p/f/o/pfo52f00/tob13408.49.tif,rvlcdip_02672.tif,10,budget,L3
rvlcdip_02673,imagesi/i/o/e/ioe45a00/81640399.tif,rvlcdip_02673.tif,15,memo,L2
rvlcdip_02674,imagesh/h/n/m/hnm40d00/515618378+-8392.tif,rvlcdip_02674.tif,11,invoice,L3
rvlcdip_02675,imagesj/j/t/h/jth64e00/1001810791_1001810794.tif,rvlcdip_02675.tif,15,memo,L2
rvlcdip_02676,imageso/o/l/x/olx54d00/506555382.tif,rvlcdip_02676.tif,0,letter,L2
rvlcdip_02677,imagesg/g/g/m/ggm61f00/2051525272.tif,rvlcdip_02677.tif,7,specification,L4
rvlcdip_02678,imagesw/w/l/m/wlm22f00/11006944.tif,rvlcdip_02678.tif,10,budget,L3
rvlcdip_02679,imagesf/f/u/w/fuw97c00/527792683+-2687.tif,rvlcdip_02679.tif,2,email,L2
rvlcdip_02680,imagesm/m/t/x/mtx78c00/93213316.tif,rvlcdip_02680.tif,1,form,L4
rvlcdip_02681,imagesd/d/c/s/dcs58e00/2022146313.tif,rvlcdip_02681.tif,5,scientific_report,L1
rvlcdip_02682,imagesj/j/w/x/jwx39c00/2505204631a.tif,rvlcdip_02682.tif,2,email,L2
rvlcdip_02683,imagesp/p/m/y/pmy22c00/2069739371.tif,rvlcdip_02683.tif,7,specification,L4
rvlcdip_02684,imagesq/q/x/p/qxp11a00/0011859204.tif,rvlcdip_02684.tif,11,invoice,L3
rvlcdip_02685,imagesk/k/s/w/ksw62e00/2051125573.tif,rvlcdip_02685.tif,1,form,L4
rvlcdip_02686,imagesr/r/r/x/rrx37d00/2070390055.tif,rvlcdip_02686.tif,1,form,L4
rvlcdip_02687,imagesd/d/z/l/dzl53f00/0001225506.tif,rvlcdip_02687.tif,15,memo,L2
rvlcdip_02688,imagesg/g/j/e/gje70e00/85867862_85867868.tif,rvlcdip_02688.tif,6,scientific_publication,L1
rvlcdip_02689,imagese/e/m/n/emn18c00/503075741+-5742.tif,rvlcdip_02689.tif,0,letter,L2
rvlcdip_02690,imagesl/l/d/b/ldb89e00/0000437641.tif,rvlcdip_02690.tif,10,budget,L3
rvlcdip_02691,imagesr/r/x/e/rxe2aa00/10121898_10121911.tif,rvlcdip_02691.tif,6,scientific_publication,L1
rvlcdip_02692,imagesb/b/n/s/bns25e00/2026134671.tif,rvlcdip_02692.tif,5,scientific_report,L1
rvlcdip_02693,imagesq/q/e/x/qex81d00/673725.tif,rvlcdip_02693.tif,15,memo,L2
rvlcdip_02694,imagese/e/e/i/eei47c00/2084020358.tif,rvlcdip_02694.tif,11,invoice,L3
rvlcdip_02695,imagesk/k/e/d/ked22d00/2060437243_7248.tif,rvlcdip_02695.tif,6,scientific_publication,L1
rvlcdip_02696,imagesk/k/y/a/kya46c00/2070403660.tif,rvlcdip_02696.tif,7,specification,L4
rvlcdip_02697,imagesk/k/m/p/kmp11a00/0011858895.tif,rvlcdip_02697.tif,15,memo,L2
rvlcdip_02698,imagesa/a/w/n/awn40f00/0000513706.tif,rvlcdip_02698.tif,15,memo,L2
rvlcdip_02699,imagesy/y/m/l/yml21e00/87803135.tif,rvlcdip_02699.tif,11,invoice,L3
rvlcdip_02700,imagesy/y/c/l/ycl92e00/2042919518.tif,rvlcdip_02700.tif,15,memo,L2
rvlcdip_02701,imagesx/x/c/c/xcc35d00/505084795+-4795.tif,rvlcdip_02701.tif,1,form,L4
rvlcdip_02702,imagesn/n/y/f/nyf05a00/2074980288_0289.tif,rvlcdip_02702.tif,0,letter,L2
rvlcdip_02703,imagesr/r/y/w/ryw11e00/87148062.tif,rvlcdip_02703.tif,11,invoice,L3
rvlcdip_02704,imagesh/h/f/m/hfm12c00/2085158467.tif,rvlcdip_02704.tif,8,file_folder,L1
rvlcdip_02705,imagesg/g/x/s/gxs55c00/2082674642.tif,rvlcdip_02705.tif,2,email,L2
rvlcdip_02706,imagesz/z/x/v/zxv30a00/60162944_60162953.tif,rvlcdip_02706.tif,6,scientific_publication,L1
rvlcdip_02707,imagesz/z/t/c/ztc74a00/2051803444.tif,rvlcdip_02707.tif,15,memo,L2
rvlcdip_02708,imagesa/a/l/w/alw54f00/0060311969.tif,rvlcdip_02708.tif,8,file_folder,L1
rvlcdip_02709,imageso/o/f/w/ofw54c00/01254390.tif,rvlcdip_02709.tif,11,invoice,L3
rvlcdip_02710,imagesw/w/h/b/whb05a00/2075565470_5471.tif,rvlcdip_02710.tif,0,letter,L2
rvlcdip_02711,imagesz/z/f/p/zfp14c00/2069721627.tif,rvlcdip_02711.tif,7,specification,L4
rvlcdip_02712,imagesc/c/c/p/ccp43a00/2079139423.tif,rvlcdip_02712.tif,2,email,L2
rvlcdip_02713,imagesk/k/c/o/kco22c00/2069731703.tif,rvlcdip_02713.tif,7,specification,L4
rvlcdip_02714,imagesv/v/h/o/vho25c00/2505301188_1191.tif,rvlcdip_02714.tif,5,scientific_report,L1
rvlcdip_02715,imagesi/i/x/o/ixo48d00/2063251153.tif,rvlcdip_02715.tif,1,form,L4
rvlcdip_02716,imagesx/x/d/e/xde21e00/87104126.tif,rvlcdip_02716.tif,11,invoice,L3
rvlcdip_02717,imagesw/w/e/s/wes3aa00/11242256.tif,rvlcdip_02717.tif,11,invoice,L3
rvlcdip_02718,imagesr/r/n/e/rne85c00/2076950281c.tif,rvlcdip_02718.tif,2,email,L2
rvlcdip_02719,imagesw/w/p/y/wpy07e00/2031304938.tif,rvlcdip_02719.tif,7,specification,L4
rvlcdip_02720,imagesd/d/m/y/dmy18d00/2075238327_8330.tif,rvlcdip_02720.tif,5,scientific_report,L1
rvlcdip_02721,imagesb/b/e/n/ben82a00/527926949+-6950.tif,rvlcdip_02721.tif,2,email,L2
rvlcdip_02722,imagesq/q/g/l/qgl82f00/tob07420.45.tif,rvlcdip_02722.tif,10,budget,L3
rvlcdip_02723,imagesj/j/c/y/jcy84a00/2063235210_5213.tif,rvlcdip_02723.tif,11,invoice,L3
rvlcdip_02724,imagesi/i/c/d/icd15d00/505629234.tif,rvlcdip_02724.tif,0,letter,L2
rvlcdip_02725,imagesr/r/j/y/rjy43d00/511396217+-6221.tif,rvlcdip_02725.tif,0,letter,L2
rvlcdip_02726,imagesf/f/m/f/fmf67d00/2076912230_2239.tif,rvlcdip_02726.tif,5,scientific_report,L1
rvlcdip_02727,imagesp/p/w/j/pwj23d00/513163061.tif,rvlcdip_02727.tif,11,invoice,L3
rvlcdip_02728,imagesd/d/t/t/dtt45d00/2047219964_9965.tif,rvlcdip_02728.tif,6,scientific_publication,L1
rvlcdip_02729,imagesf/f/i/w/fiw51e00/03755925.tif,rvlcdip_02729.tif,11,invoice,L3
rvlcdip_02730,imagesm/m/z/j/mzj31a00/0071032773.tif,rvlcdip_02730.tif,15,memo,L2
rvlcdip_02731,imagesc/c/e/n/cen15e00/2026368810.tif,rvlcdip_02731.tif,1,form,L4
rvlcdip_02732,imagesl/l/s/e/lse32f00/tim00310.67.tif,rvlcdip_02732.tif,10,budget,L3
rvlcdip_02733,imagesg/g/x/b/gxb17d00/tnwl0003859.tif,rvlcdip_02733.tif,10,budget,L3
rvlcdip_02734,imagesa/a/c/z/acz89c00/40004922-4922.tif,rvlcdip_02734.tif,6,scientific_publication,L1
rvlcdip_02735,imagesi/i/w/l/iwl65f00/0060065329.tif,rvlcdip_02735.tif,8,file_folder,L1
rvlcdip_02736,imagesz/z/k/z/zkz10e00/87613452_87613487.tif,rvlcdip_02736.tif,5,scientific_report,L1
rvlcdip_02737,imagesq/q/e/g/qeg95e00/2026397683.tif,rvlcdip_02737.tif,1,form,L4
rvlcdip_02738,imagesn/n/a/i/nai51e00/00104642_00104657.tif,rvlcdip_02738.tif,5,scientific_report,L1
rvlcdip_02739,imagesz/z/g/z/zgz93e00/2040687758_2040687760.tif,rvlcdip_02739.tif,10,budget,L3
rvlcdip_02740,imagesz/z/w/m/zwm00e00/92242529.tif,rvlcdip_02740.tif,11,invoice,L3
rvlcdip_02741,imagesw/w/p/i/wpi09e00/2057675117.tif,rvlcdip_02741.tif,7,specification,L4
rvlcdip_02742,imagesu/u/y/k/uyk71a00/2057439339_2057439340.tif,rvlcdip_02742.tif,7,specification,L4
rvlcdip_02743,imagesm/m/y/k/myk93e00/2042529584_2042529588.tif,rvlcdip_02743.tif,10,budget,L3
rvlcdip_02744,imagesq/q/s/u/qsu30a00/11065581_11065584.tif,rvlcdip_02744.tif,6,scientific_publication,L1
rvlcdip_02745,imagesa/a/u/v/auv56e00/2028637548_2028637552.tif,rvlcdip_02745.tif,5,scientific_report,L1
rvlcdip_02746,imagesd/d/u/f/duf49c00/2505166819.tif,rvlcdip_02746.tif,1,form,L4
rvlcdip_02747,imagesk/k/g/i/kgi10d00/504098261+-8263.tif,rvlcdip_02747.tif,1,form,L4
rvlcdip_02748,imagesp/p/j/o/pjo20a00/10169521_10169523.tif,rvlcdip_02748.tif,6,scientific_publication,L1
rvlcdip_02749,imagesy/y/q/e/yqe91c00/2082636639.tif,rvlcdip_02749.tif,7,specification,L4
rvlcdip_02750,imagesw/w/m/u/wmu10a00/10067817.tif,rvlcdip_02750.tif,0,letter,L2
rvlcdip_02751,imagesv/v/z/v/vzv10f00/0012633406.tif,rvlcdip_02751.tif,0,letter,L2
rvlcdip_02752,imagesv/v/c/s/vcs37d00/2071030481.tif,rvlcdip_02752.tif,11,invoice,L3
rvlcdip_02753,imagesj/j/v/f/jvf45a00/04239443.tif,rvlcdip_02753.tif,10,budget,L3
rvlcdip_02754,imagese/e/f/k/efk06e00/2043934462.tif,rvlcdip_02754.tif,10,budget,L3
rvlcdip_02755,imagesz/z/o/v/zov19c00/2069714505.tif,rvlcdip_02755.tif,7,specification,L4
rvlcdip_02756,imageso/o/u/p/oup20f00/0001482594.tif,rvlcdip_02756.tif,7,specification,L4
rvlcdip_02757,imagesi/i/j/p/ijp54c00/85000879.tif,rvlcdip_02757.tif,15,memo,L2
rvlcdip_02758,imagest/t/v/i/tvi46c00/2070046077a.tif,rvlcdip_02758.tif,2,email,L2
rvlcdip_02759,imagesz/z/x/p/zxp05f00/0060100917.tif,rvlcdip_02759.tif,15,memo,L2
rvlcdip_02760,imageso/o/a/p/oap41e00/81331268.tif,rvlcdip_02760.tif,0,letter,L2
rvlcdip_02761,imagesw/w/k/r/wkr42e00/2029377273.tif,rvlcdip_02761.tif,11,invoice,L3
rvlcdip_02762,imagesv/v/a/d/vad24d00/507647068.tif,rvlcdip_02762.tif,1,form,L4
rvlcdip_02763,imagesv/v/j/o/vjo90e00/91613992.tif,rvlcdip_02763.tif,0,letter,L2
rvlcdip_02764,imagesj/j/g/d/jgd81a00/2057489484.tif,rvlcdip_02764.tif,7,specification,L4
rvlcdip_02765,imageso/o/r/v/orv91a00/2059006336.tif,rvlcdip_02765.tif,8,file_folder,L1
rvlcdip_02766,imagesq/q/v/u/qvu02e00/2028721701.tif,rvlcdip_02766.tif,11,invoice,L3
rvlcdip_02767,imagesm/m/d/a/mda64c00/00097566_7567.tif,rvlcdip_02767.tif,6,scientific_publication,L1
rvlcdip_02768,imagesu/u/x/q/uxq94c00/2505496683_6686.tif,rvlcdip_02768.tif,6,scientific_publication,L1
rvlcdip_02769,imageso/o/l/s/ols43e00/2021158026.tif,rvlcdip_02769.tif,8,file_folder,L1
rvlcdip_02770,imagesk/k/h/d/khd86d00/ti16351711.tif,rvlcdip_02770.tif,10,budget,L3
rvlcdip_02771,imagesa/a/g/i/agi14c00/2069725271.tif,rvlcdip_02771.tif,7,specification,L4
rvlcdip_02772,imagesx/x/m/i/xmi43a00/89000179.tif,rvlcdip_02772.tif,11,invoice,L3
rvlcdip_02773,imageso/o/h/n/ohn28e00/1000789426_1000789427.tif,rvlcdip_02773.tif,5,scientific_report,L1
rvlcdip_02774,imagesl/l/c/z/lcz14c00/2080192473.tif,rvlcdip_02774.tif,2,email,L2
rvlcdip_02775,imagese/e/c/l/ecl75f00/0060063745.tif,rvlcdip_02775.tif,11,invoice,L3
rvlcdip_02776,imagesg/g/v/l/gvl00c00/2085119209c.tif,rvlcdip_02776.tif,2,email,L2
rvlcdip_02777,imagesy/y/c/n/ycn70a00/0060160868.tif,rvlcdip_02777.tif,11,invoice,L3
rvlcdip_02778,imagesk/k/w/w/kww55c00/2082553974.tif,rvlcdip_02778.tif,5,scientific_report,L1
rvlcdip_02779,imagesc/c/h/p/chp11e00/87070859_87070860.tif,rvlcdip_02779.tif,5,scientific_report,L1
rvlcdip_02780,imagesx/x/g/b/xgb86e00/2060319357_2060319361.tif,rvlcdip_02780.tif,10,budget,L3
rvlcdip_02781,imagesb/b/q/e/bqe60d00/520526605+-6605.tif,rvlcdip_02781.tif,11,invoice,L3
rvlcdip_02782,imagesr/r/q/h/rqh35e00/2024525540.tif,rvlcdip_02782.tif,11,invoice,L3
rvlcdip_02783,imagesg/g/y/f/gyf19c00/2505272964.tif,rvlcdip_02783.tif,5,scientific_report,L1
rvlcdip_02784,imagesy/y/w/o/ywo93d00/508441174_508441180.tif,rvlcdip_02784.tif,7,specification,L4
rvlcdip_02785,imagesl/l/o/c/loc58c00/92143088_3089.tif,rvlcdip_02785.tif,10,budget,L3
rvlcdip_02786,imagesf/f/i/y/fiy45c00/2076256042.tif,rvlcdip_02786.tif,1,form,L4
rvlcdip_02787,imagese/e/f/m/efm75e00/2047925187.tif,rvlcdip_02787.tif,10,budget,L3
rvlcdip_02788,imagesd/d/i/g/dig91e00/03328782_03328783.tif,rvlcdip_02788.tif,1,form,L4
rvlcdip_02789,imagesc/c/k/i/cki00f00/0000081107.tif,rvlcdip_02789.tif,7,specification,L4
rvlcdip_02790,imagesi/i/m/m/imm45c00/2074133224_3225.tif,rvlcdip_02790.tif,1,form,L4
rvlcdip_02791,imagesc/c/m/b/cmb38c00/508466760+-6762.tif,rvlcdip_02791.tif,1,form,L4
rvlcdip_02792,imagesv/v/q/q/vqq70c00/2078638692_8693.tif,rvlcdip_02792.tif,5,scientific_report,L1
rvlcdip_02793,imagest/t/u/t/tut73f00/0001154430.tif,rvlcdip_02793.tif,15,memo,L2
rvlcdip_02794,imagese/e/h/q/ehq66e00/2041814402.tif,rvlcdip_02794.tif,10,budget,L3
rvlcdip_02795,imagesf/f/y/o/fyo75f00/0060107409.tif,rvlcdip_02795.tif,11,invoice,L3
rvlcdip_02796,imagesx/x/e/g/xeg71c00/2084114559.tif,rvlcdip_02796.tif,0,letter,L2
rvlcdip_02797,imagesm/m/f/v/mfv98c00/89507572_7579.tif,rvlcdip_02797.tif,5,scientific_report,L1
rvlcdip_02798,imagesl/l/k/p/lkp51a00/0011800951.tif,rvlcdip_02798.tif,8,file_folder,L1
rvlcdip_02799,imagese/e/x/h/exh39c00/2505373736a_3741.tif,rvlcdip_02799.tif,6,scientific_publication,L1
rvlcdip_02800,imagesh/h/y/r/hyr02a00/2026431648.tif,rvlcdip_02800.tif,0,letter,L2
rvlcdip_02801,imagesl/l/u/k/luk82d00/86099162.tif,rvlcdip_02801.tif,1,form,L4
rvlcdip_02802,imagesc/c/v/d/cvd99c00/40015677-5677.tif,rvlcdip_02802.tif,8,file_folder,L1
rvlcdip_02803,imagesi/i/l/n/iln09c00/83311511_1517.tif,rvlcdip_02803.tif,10,budget,L3
rvlcdip_02804,imagesd/d/r/g/drg26d00/50576156-6182.tif,rvlcdip_02804.tif,5,scientific_report,L1
rvlcdip_02805,imagesl/l/d/n/ldn37e00/2028971801_2028971802.tif,rvlcdip_02805.tif,5,scientific_report,L1
rvlcdip_02806,imagesr/r/w/a/rwa21f00/0001231915.tif,rvlcdip_02806.tif,7,specification,L4
rvlcdip_02807,imagesb/b/k/p/bkp94c00/2065273844_3848.tif,rvlcdip_02807.tif,6,scientific_publication,L1
rvlcdip_02808,imagesy/y/w/e/ywe83e00/2029026855.tif,rvlcdip_02808.tif,5,scientific_report,L1
rvlcdip_02809,imagesn/n/l/y/nly3aa00/10398992.tif,rvlcdip_02809.tif,11,invoice,L3
rvlcdip_02810,imagesj/j/r/b/jrb93c00/2057860201_0229.tif,rvlcdip_02810.tif,5,scientific_report,L1
rvlcdip_02811,imagesc/c/y/v/cyv61a00/2056761926_2056761927.tif,rvlcdip_02811.tif,7,specification,L4
rvlcdip_02812,imagesy/y/d/s/yds37d00/2071030512.tif,rvlcdip_02812.tif,11,invoice,L3
rvlcdip_02813,imagesd/d/i/n/din61a00/2051535965_2051535974.tif,rvlcdip_02813.tif,7,specification,L4
rvlcdip_02814,imagesy/y/c/s/ycs03e00/2043535255.tif,rvlcdip_02814.tif,10,budget,L3
rvlcdip_02815,imagesj/j/i/k/jik27e00/2028726619.tif,rvlcdip_02815.tif,11,invoice,L3
rvlcdip_02816,imagesk/k/b/b/kbb17e00/2031309071.tif,rvlcdip_02816.tif,7,specification,L4
rvlcdip_02817,imageso/o/j/z/ojz15e00/2026506275.tif,rvlcdip_02817.tif,8,file_folder,L1
rvlcdip_02818,imagesh/h/n/r/hnr22f00/01001073.tif,rvlcdip_02818.tif,15,memo,L2
rvlcdip_02819,imagesz/z/i/d/zid74a00/2051063183.tif,rvlcdip_02819.tif,8,file_folder,L1
rvlcdip_02820,imagese/e/w/i/ewi78e00/2023701795.tif,rvlcdip_02820.tif,10,budget,L3
rvlcdip_02821,imagesm/m/q/i/mqi60e00/93248704.tif,rvlcdip_02821.tif,10,budget,L3
rvlcdip_02822,imagesa/a/c/e/ace61d00/517991624+-1624.tif,rvlcdip_02822.tif,1,form,L4
rvlcdip_02823,imagesg/g/t/o/gto91f00/but00410.89.tif,rvlcdip_02823.tif,10,budget,L3
rvlcdip_02824,imagese/e/c/m/ecm41c00/2085763685a.tif,rvlcdip_02824.tif,2,email,L2
rvlcdip_02825,imagesd/d/b/q/dbq83f00/0001025284.tif,rvlcdip_02825.tif,15,memo,L2
rvlcdip_02826,imagest/t/l/y/tly65c00/2069717412.tif,rvlcdip_02826.tif,7,specification,L4
rvlcdip_02827,imagesu/u/e/q/ueq45e00/2050882642.tif,rvlcdip_02827.tif,1,form,L4
rvlcdip_02828,imagesn/n/f/l/nfl21e00/87803264.tif,rvlcdip_02828.tif,11,invoice,L3
rvlcdip_02829,imagesk/k/r/e/kre22f00/09005495.tif,rvlcdip_02829.tif,10,budget,L3
rvlcdip_02830,imagese/e/s/z/esz48d00/2063742643_2644.tif,rvlcdip_02830.tif,0,letter,L2
rvlcdip_02831,imagesy/y/j/w/yjw54c00/01255677a.tif,rvlcdip_02831.tif,11,invoice,L3
rvlcdip_02832,imagesn/n/p/j/npj51a00/0071081312.tif,rvlcdip_02832.tif,15,memo,L2
rvlcdip_02833,imagesq/q/a/q/qaq09d00/50452248-2248.tif,rvlcdip_02833.tif,0,letter,L2
rvlcdip_02834,imagesc/c/c/s/ccs14f00/0000389964.tif,rvlcdip_02834.tif,15,memo,L2
rvlcdip_02835,imagesp/p/e/s/pes29e00/2501328460_2501328465.tif,rvlcdip_02835.tif,0,letter,L2
rvlcdip_02836,imagesq/q/c/t/qct33e00/2048107344.tif,rvlcdip_02836.tif,8,file_folder,L1
rvlcdip_02837,imagesh/h/k/z/hkz41c00/2085777959a.tif,rvlcdip_02837.tif,2,email,L2
rvlcdip_02838,imageso/o/l/u/olu05e00/2041718623.tif,rvlcdip_02838.tif,10,budget,L3
rvlcdip_02839,imageso/o/s/b/osb12e00/2028715088.tif,rvlcdip_02839.tif,11,invoice,L3
rvlcdip_02840,imagesc/c/s/v/csv02e00/2028721118.tif,rvlcdip_02840.tif,11,invoice,L3
rvlcdip_02841,imagesq/q/k/i/qki35f00/0060031726.tif,rvlcdip_02841.tif,11,invoice,L3
rvlcdip_02842,imagesw/w/u/n/wun41c00/2085764427c_4428.tif,rvlcdip_02842.tif,2,email,L2
rvlcdip_02843,imagesm/m/l/g/mlg38e00/1003476464_1003476483.tif,rvlcdip_02843.tif,5,scientific_report,L1
rvlcdip_02844,imagesd/d/q/b/dqb15c00/2051820543.tif,rvlcdip_02844.tif,8,file_folder,L1
rvlcdip_02845,imagesj/j/e/p/jep94e00/1003059094.tif,rvlcdip_02845.tif,0,letter,L2
rvlcdip_02846,imagest/t/m/w/tmw54a00/91345056.tif,rvlcdip_02846.tif,11,invoice,L3
rvlcdip_02847,imagesi/i/h/x/ihx83e00/2026090582_2026090586.tif,rvlcdip_02847.tif,5,scientific_report,L1
rvlcdip_02848,imagesg/g/f/f/gff42f00/94008149.tif,rvlcdip_02848.tif,10,budget,L3
rvlcdip_02849,imagesf/f/j/n/fjn12c00/2085171125.tif,rvlcdip_02849.tif,2,email,L2
rvlcdip_02850,imagesb/b/a/e/bae04c00/2063900079_0081.tif,rvlcdip_02850.tif,15,memo,L2
rvlcdip_02851,imagesj/j/a/b/jab81a00/2057485046_2057485048.tif,rvlcdip_02851.tif,7,specification,L4
rvlcdip_02852,imagesh/h/t/a/hta25a00/528349462+-9462.tif,rvlcdip_02852.tif,2,email,L2
rvlcdip_02853,imagesy/y/n/q/ynq07d00/tnwl0025510.tif,rvlcdip_02853.tif,10,budget,L3
rvlcdip_02854,imagesr/r/m/b/rmb02a00/2023379650_2023379652.tif,rvlcdip_02854.tif,6,scientific_publication,L1
rvlcdip_02855,imagesc/c/u/f/cuf96d00/tcal0475743.tif,rvlcdip_02855.tif,10,budget,L3
rvlcdip_02856,imagesp/p/j/m/pjm12f00/ton03610.21_ton03610.23.tif,rvlcdip_02856.tif,10,budget,L3
rvlcdip_02857,imagesq/q/o/c/qoc08e00/1000127316.tif,rvlcdip_02857.tif,11,invoice,L3
rvlcdip_02858,imagesd/d/q/s/dqs62e00/2040418663_2040418665.tif,rvlcdip_02858.tif,15,memo,L2
rvlcdip_02859,imageso/o/c/h/och82c00/2078790642.tif,rvlcdip_02859.tif,2,email,L2
rvlcdip_02860,imagesc/c/v/s/cvs55c00/2082677072.tif,rvlcdip_02860.tif,2,email,L2
rvlcdip_02861,imagesw/w/i/b/wib53f00/0001488922.tif,rvlcdip_02861.tif,15,memo,L2
rvlcdip_02862,imagesn/n/d/p/ndp42c00/2073208436.tif,rvlcdip_02862.tif,1,form,L4
rvlcdip_02863,imagesk/k/d/c/kdc27e00/2028702825.tif,rvlcdip_02863.tif,11,invoice,L3
rvlcdip_02864,imagesf/f/w/k/fwk05e00/2040786128.tif,rvlcdip_02864.tif,10,budget,L3
rvlcdip_02865,imagesz/z/g/a/zga11f00/0001252714.tif,rvlcdip_02865.tif,15,memo,L2
rvlcdip_02866,imagesa/a/k/b/akb92c00/2081765738.tif,rvlcdip_02866.tif,2,email,L2
rvlcdip_02867,imagesk/k/p/d/kpd41c00/2085754505.tif,rvlcdip_02867.tif,2,email,L2
rvlcdip_02868,imagesw/w/s/f/wsf41e00/80234409_80234412.tif,rvlcdip_02868.tif,11,invoice,L3
rvlcdip_02869,imagesr/r/t/y/rty36e00/2025864060.tif,rvlcdip_02869.tif,0,letter,L2
rvlcdip_02870,imagese/e/l/i/eli90c00/12766221.tif,rvlcdip_02870.tif,15,memo,L2
rvlcdip_02871,imagesg/g/u/s/gus7aa00/50042639.tif,rvlcdip_02871.tif,0,letter,L2
rvlcdip_02872,imageso/o/q/j/oqj81c00/2505233513.tif,rvlcdip_02872.tif,1,form,L4
rvlcdip_02873,imagesa/a/g/m/agm22c00/2069730450.tif,rvlcdip_02873.tif,7,specification,L4
rvlcdip_02874,imagesc/c/l/b/clb61d00/518202692+-2692.tif,rvlcdip_02874.tif,0,letter,L2
rvlcdip_02875,imagesj/j/r/x/jrx35e00/2040956669.tif,rvlcdip_02875.tif,10,budget,L3
rvlcdip_02876,imagesa/a/g/o/ago2aa00/10179542_10179548.tif,rvlcdip_02876.tif,6,scientific_publication,L1
rvlcdip_02877,imagesn/n/o/u/nou16d00/50662194-2194.tif,rvlcdip_02877.tif,0,letter,L2
rvlcdip_02878,imagesq/q/m/w/qmw85e00/2026377145.tif,rvlcdip_02878.tif,0,letter,L2
rvlcdip_02879,imagest/t/b/n/tbn02a00/1005050459_1005050489.tif,rvlcdip_02879.tif,5,scientific_report,L1
rvlcdip_02880,imagesz/z/j/w/zjw41c00/2085775486.tif,rvlcdip_02880.tif,2,email,L2
rvlcdip_02881,imagesl/l/q/p/lqp38d00/2022225974_5976.tif,rvlcdip_02881.tif,15,memo,L2
rvlcdip_02882,imagesg/g/a/k/gak10f00/0000016432.tif,rvlcdip_02882.tif,0,letter,L2
rvlcdip_02883,imagesv/v/x/a/vxa12f00/ton02104.99_ton02105.01.tif,rvlcdip_02883.tif,10,budget,L3
rvlcdip_02884,imagesv/v/x/c/vxc01d00/518864458+-4460.tif,rvlcdip_02884.tif,0,letter,L2
rvlcdip_02885,imagesi/i/v/b/ivb82e00/2047260320.tif,rvlcdip_02885.tif,11,invoice,L3
rvlcdip_02886,imagesi/i/d/c/idc94c00/96526306_6308.tif,rvlcdip_02886.tif,7,specification,L4
rvlcdip_02887,imagesl/l/u/i/lui48d00/2022915785.tif,rvlcdip_02887.tif,11,invoice,L3
rvlcdip_02888,imagesu/u/s/n/usn90d00/519499520+-9520.tif,rvlcdip_02888.tif,0,letter,L2
rvlcdip_02889,imagesd/d/j/d/djd10a00/10358252_10358261.tif,rvlcdip_02889.tif,6,scientific_publication,L1
rvlcdip_02890,imagesb/b/z/e/bze81e00/01107920_01107928.tif,rvlcdip_02890.tif,5,scientific_report,L1
rvlcdip_02891,imagesl/l/c/b/lcb76e00/2051046996_2051046997.tif,rvlcdip_02891.tif,1,form,L4
rvlcdip_02892,imagesa/a/a/j/aaj20e00/00064658_00064659.tif,rvlcdip_02892.tif,1,form,L4
rvlcdip_02893,imagesn/n/f/j/nfj45a00/508924740+-4740.tif,rvlcdip_02893.tif,7,specification,L4
rvlcdip_02894,imagesu/u/x/d/uxd55f00/0060220186.tif,rvlcdip_02894.tif,15,memo,L2
rvlcdip_02895,imagesx/x/p/q/xpq86c00/2078881448.tif,rvlcdip_02895.tif,2,email,L2
rvlcdip_02896,imagesx/x/t/w/xtw45c00/2076304293.tif,rvlcdip_02896.tif,5,scientific_report,L1
rvlcdip_02897,imagesr/r/c/e/rce63a00/511769587+-9587.tif,rvlcdip_02897.tif,0,letter,L2
rvlcdip_02898,imagesr/r/f/a/rfa40d00/518253610+-3615.tif,rvlcdip_02898.tif,11,invoice,L3
rvlcdip_02899,imageso/o/v/o/ovo26d00/50640473-0473.tif,rvlcdip_02899.tif,6,scientific_publication,L1
rvlcdip_02900,imagesm/m/o/w/mow30c00/ti05031260_1261.tif,rvlcdip_02900.tif,15,memo,L2
rvlcdip_02901,imagesx/x/s/e/xse22d00/2051901864_1867.tif,rvlcdip_02901.tif,10,budget,L3
rvlcdip_02902,imagesn/n/m/s/nms26d00/50656050-6050.tif,rvlcdip_02902.tif,6,scientific_publication,L1
rvlcdip_02903,imagese/e/g/w/egw47d00/2062318390_8391.tif,rvlcdip_02903.tif,1,form,L4
rvlcdip_02904,imagesd/d/n/q/dnq48e00/2022875959_2022875960.tif,rvlcdip_02904.tif,15,memo,L2
rvlcdip_02905,imagesh/h/y/k/hyk80f00/0011916538.tif,rvlcdip_02905.tif,0,letter,L2
rvlcdip_02906,imagesj/j/e/n/jen03e00/2044394246.tif,rvlcdip_02906.tif,0,letter,L2
rvlcdip_02907,imagesx/x/t/e/xte45e00/2040769874.tif,rvlcdip_02907.tif,0,letter,L2
rvlcdip_02908,imagesg/g/l/p/glp76e00/2053852284.tif,rvlcdip_02908.tif,15,memo,L2
rvlcdip_02909,imagesm/m/p/o/mpo36c00/2077767395.tif,rvlcdip_02909.tif,8,file_folder,L1
rvlcdip_02910,imagesg/g/g/r/ggr13c00/91514084.tif,rvlcdip_02910.tif,11,invoice,L3
rvlcdip_02911,imagesl/l/f/a/lfa10e00/91552212.tif,rvlcdip_02911.tif,11,invoice,L3
rvlcdip_02912,imagesn/n/t/h/nth44c00/86652249.tif,rvlcdip_02912.tif,10,budget,L3
rvlcdip_02913,imagesp/p/i/a/pia22f00/24010836.tif,rvlcdip_02913.tif,10,budget,L3
rvlcdip_02914,imagesg/g/e/j/gej42e00/2500000106.tif,rvlcdip_02914.tif,11,invoice,L3
rvlcdip_02915,imagesm/m/t/e/mte30e00/89471859.tif,rvlcdip_02915.tif,5,scientific_report,L1
rvlcdip_02916,imagesn/n/q/g/nqg05e00/2041374096_2041374099.tif,rvlcdip_02916.tif,10,budget,L3
rvlcdip_02917,imagesp/p/a/m/pam70a00/0060149055.tif,rvlcdip_02917.tif,8,file_folder,L1
rvlcdip_02918,imagest/t/m/t/tmt07e00/2031298912.tif,rvlcdip_02918.tif,7,specification,L4
rvlcdip_02919,imagesf/f/i/w/fiw65c00/2081388120c.tif,rvlcdip_02919.tif,2,email,L2
rvlcdip_02920,imagesl/l/r/c/lrc00d00/50313626-3626.tif,rvlcdip_02920.tif,0,letter,L2
rvlcdip_02921,imagesg/g/u/j/guj78d00/502742747.tif,rvlcdip_02921.tif,0,letter,L2
rvlcdip_02922,imagesl/l/g/u/lgu98c00/89002697.tif,rvlcdip_02922.tif,10,budget,L3
rvlcdip_02923,imagese/e/d/d/edd73e00/2024741379.tif,rvlcdip_02923.tif,11,invoice,L3
rvlcdip_02924,imageso/o/n/w/onw84d00/505963959.tif,rvlcdip_02924.tif,0,letter,L2
rvlcdip_02925,imagesp/p/s/j/psj74f00/0060320643.tif,rvlcdip_02925.tif,15,memo,L2
rvlcdip_02926,imagesk/k/x/r/kxr94c00/2085799084a.tif,rvlcdip_02926.tif,2,email,L2
rvlcdip_02927,imagesh/h/s/u/hsu25f00/0060060827.tif,rvlcdip_02927.tif,8,file_folder,L1
rvlcdip_02928,imagesy/y/f/l/yfl22f00/11008265.tif,rvlcdip_02928.tif,10,budget,L3
rvlcdip_02929,imagesr/r/c/h/rch44c00/86649051_9054.tif,rvlcdip_02929.tif,10,budget,L3
rvlcdip_02930,imagesv/v/s/h/vsh00f00/0000082035.tif,rvlcdip_02930.tif,7,specification,L4
rvlcdip_02931,imagesd/d/b/y/dby80c00/2085801746b.tif,rvlcdip_02931.tif,2,email,L2
rvlcdip_02932,imagesf/f/b/e/fbe19d00/502380153.tif,rvlcdip_02932.tif,11,invoice,L3
rvlcdip_02933,imagesp/p/x/l/pxl48e00/2022144894.tif,rvlcdip_02933.tif,15,memo,L2
rvlcdip_02934,imagesf/f/b/e/fbe17e00/2031312907.tif,rvlcdip_02934.tif,7,specification,L4
rvlcdip_02935,imagesc/c/c/v/ccv56d00/516425930+-5930.tif,rvlcdip_02935.tif,1,form,L4
rvlcdip_02936,imagesw/w/h/c/whc33f00/0000947100.tif,rvlcdip_02936.tif,15,memo,L2
rvlcdip_02937,imagesd/d/z/g/dzg29e00/2501269155.tif,rvlcdip_02937.tif,5,scientific_report,L1
rvlcdip_02938,imagesc/c/e/j/cej67d00/2040645619.tif,rvlcdip_02938.tif,10,budget,L3
rvlcdip_02939,imagesf/f/q/y/fqy34c00/83565707.tif,rvlcdip_02939.tif,11,invoice,L3
rvlcdip_02940,imagesy/y/e/z/yez07d00/tnwl0001128_1129.tif,rvlcdip_02940.tif,10,budget,L3
rvlcdip_02941,imagesw/w/h/q/whq14c00/2069721164.tif,rvlcdip_02941.tif,7,specification,L4
rvlcdip_02942,imagesy/y/s/a/ysa72e00/2047694589.tif,rvlcdip_02942.tif,1,form,L4
rvlcdip_02943,imagest/t/h/z/thz33e00/2043556274.tif,rvlcdip_02943.tif,8,file_folder,L1
rvlcdip_02944,imagese/e/f/c/efc27e00/2028703481.tif,rvlcdip_02944.tif,11,invoice,L3
rvlcdip_02945,imagesg/g/j/j/gjj91e00/00921227_00921229.tif,rvlcdip_02945.tif,11,invoice,L3
rvlcdip_02946,imagesd/d/t/l/dtl79e00/2050754981.tif,rvlcdip_02946.tif,5,scientific_report,L1
rvlcdip_02947,imagesm/m/a/h/mah15a00/528802934+-2936.tif,rvlcdip_02947.tif,2,email,L2
rvlcdip_02948,imagest/t/d/j/tdj25a00/528955104+-5105.tif,rvlcdip_02948.tif,2,email,L2
rvlcdip_02949,imagesh/h/y/f/hyf42f00/94006506_94006507.tif,rvlcdip_02949.tif,10,budget,L3
rvlcdip_02950,imagesy/y/c/u/ycu63f00/0001172415.tif,rvlcdip_02950.tif,0,letter,L2
rvlcdip_02951,imagese/e/i/i/eii71e00/03661023.tif,rvlcdip_02951.tif,11,invoice,L3
rvlcdip_02952,imageso/o/s/i/osi09e00/2057677802.tif,rvlcdip_02952.tif,7,specification,L4
rvlcdip_02953,imagesi/i/k/k/ikk77e00/2030479148.tif,rvlcdip_02953.tif,8,file_folder,L1
rvlcdip_02954,imagesb/b/r/h/brh55c00/2075703425b.tif,rvlcdip_02954.tif,2,email,L2
rvlcdip_02955,imagesh/h/w/a/hwa85e00/2012582291.tif,rvlcdip_02955.tif,0,letter,L2
rvlcdip_02956,imagesy/y/l/h/ylh82c00/2078796877.tif,rvlcdip_02956.tif,2,email,L2
rvlcdip_02957,imagesg/g/k/o/gko65d00/504525094.tif,rvlcdip_02957.tif,7,specification,L4
rvlcdip_02958,imagesu/u/o/n/uon55d00/504800680.tif,rvlcdip_02958.tif,11,invoice,L3
rvlcdip_02959,imagesk/k/e/p/kep02e00/2028744061.tif,rvlcdip_02959.tif,11,invoice,L3
rvlcdip_02960,imagest/t/q/n/tqn39c00/2084390860b.tif,rvlcdip_02960.tif,2,email,L2
rvlcdip_02961,imagesx/x/q/q/xqq01e00/86016219.tif,rvlcdip_02961.tif,11,invoice,L3
rvlcdip_02962,imagesp/p/r/q/prq65d00/504490230.tif,rvlcdip_02962.tif,7,specification,L4
rvlcdip_02963,imagesq/q/h/y/qhy75c00/2077996231.tif,rvlcdip_02963.tif,2,email,L2
rvlcdip_02964,imagesn/n/u/p/nup54f00/0060281143.tif,rvlcdip_02964.tif,11,invoice,L3
rvlcdip_02965,imagesl/l/h/o/lho46c00/2505111445.tif,rvlcdip_02965.tif,8,file_folder,L1
rvlcdip_02966,imagest/t/e/b/teb67d00/2028345075_5083.tif,rvlcdip_02966.tif,5,scientific_report,L1
rvlcdip_02967,imagesn/n/f/h/nfh32c00/2070584175_4176.tif,rvlcdip_02967.tif,0,letter,L2
rvlcdip_02968,imagesj/j/b/c/jbc82d00/518048498.tif,rvlcdip_02968.tif,11,invoice,L3
rvlcdip_02969,imagesn/n/v/m/nvm50c00/tibr0000682.tif,rvlcdip_02969.tif,0,letter,L2
rvlcdip_02970,imagesc/c/z/q/czq07d00/tnwl0025010.tif,rvlcdip_02970.tif,10,budget,L3
rvlcdip_02971,imagesi/i/j/i/iji50f00/0000251953.tif,rvlcdip_02971.tif,15,memo,L2
rvlcdip_02972,imageso/o/m/l/oml51e00/00068167_00068175.tif,rvlcdip_02972.tif,5,scientific_report,L1
rvlcdip_02973,imageso/o/w/j/owj31a00/0071032695.tif,rvlcdip_02973.tif,0,letter,L2
rvlcdip_02974,imagesq/q/i/y/qiy94a00/2064764490_4497.tif,rvlcdip_02974.tif,5,scientific_report,L1
rvlcdip_02975,imagesn/n/h/e/nhe17e00/2031313010.tif,rvlcdip_02975.tif,7,specification,L4
rvlcdip_02976,imagesu/u/m/v/umv89e00/0000434133.tif,rvlcdip_02976.tif,7,specification,L4
rvlcdip_02977,imagesx/x/l/k/xlk11e00/87064464.tif,rvlcdip_02977.tif,11,invoice,L3
rvlcdip_02978,imagese/e/c/a/eca30e00/91990352.tif,rvlcdip_02978.tif,10,budget,L3
rvlcdip_02979,imagesp/p/e/i/pei37d00/2075623571.tif,rvlcdip_02979.tif,5,scientific_report,L1
rvlcdip_02980,imagesd/d/x/u/dxu16c00/2084075368.tif,rvlcdip_02980.tif,11,invoice,L3
rvlcdip_02981,imagesc/c/f/v/cfv26d00/50680473-0477.tif,rvlcdip_02981.tif,6,scientific_publication,L1
rvlcdip_02982,imagesy/y/c/f/ycf26d00/50566040-6040.tif,rvlcdip_02982.tif,6,scientific_publication,L1
rvlcdip_02983,imagesi/i/j/m/ijm07c00/CTRSP-FILES013470-34.tif,rvlcdip_02983.tif,0,letter,L2
rvlcdip_02984,imagesw/w/t/r/wtr65d00/504481554.tif,rvlcdip_02984.tif,0,letter,L2
rvlcdip_02985,imagesf/f/d/u/fdu02a00/1003536276_1003536285.tif,rvlcdip_02985.tif,5,scientific_report,L1
rvlcdip_02986,imagesx/x/k/h/xkh85e00/2024026616.tif,rvlcdip_02986.tif,1,form,L4
rvlcdip_02987,imagesq/q/m/n/qmn93e00/2042017088_2042017091.tif,rvlcdip_02987.tif,10,budget,L3
rvlcdip_02988,imagesf/f/s/j/fsj42c00/2072815988.tif,rvlcdip_02988.tif,1,form,L4
rvlcdip_02989,imagesk/k/b/v/kbv43e00/2062856517.tif,rvlcdip_02989.tif,5,scientific_report,L1
rvlcdip_02990,imagesa/a/y/o/ayo4aa00/10411950.tif,rvlcdip_02990.tif,6,scientific_publication,L1
rvlcdip_02991,imagesl/l/e/a/lea71a00/2057410469.tif,rvlcdip_02991.tif,7,specification,L4
rvlcdip_02992,imagesh/h/j/r/hjr87e00/1005120964_1005120965.tif,rvlcdip_02992.tif,0,letter,L2
rvlcdip_02993,imagesj/j/s/t/jst15a00/528431976+-1977.tif,rvlcdip_02993.tif,2,email,L2
rvlcdip_02994,imagesp/p/o/t/pot43e00/2020003221.tif,rvlcdip_02994.tif,8,file_folder,L1
rvlcdip_02995,imagesq/q/s/j/qsj68e00/2010010551.tif,rvlcdip_02995.tif,15,memo,L2
rvlcdip_02996,imagesc/c/u/v/cuv47d00/2062330474_0475.tif,rvlcdip_02996.tif,10,budget,L3
rvlcdip_02997,imagesh/h/q/f/hqf93d00/508567886_508567888.tif,rvlcdip_02997.tif,0,letter,L2
rvlcdip_02998,imagesy/y/j/y/yjy23d00/512839401_512839402.tif,rvlcdip_02998.tif,0,letter,L2
rvlcdip_02999,imagesb/b/c/m/bcm01a00/0060162837.tif,rvlcdip_02999.tif,15,memo,L2
